"ID","Handle","Title","Tags","Tags Command","Variant Inventory Item ID","Variant ID","Variant Command","Variant Position","Variant SKU","Variant Price","Variant Compare At Price","Variant Inventory Qty","Variant Inventory Adjust","Variant Metafield: custom.contains_pfas [boolean]"
"7617840546041","grundies-lightweight-bottom","Grundies Lightweight Bottom","","REPLACE","44837354111225","42741753184505","MERGE","1","30006-025-0013","39.99","","2","0",""
"7617840546041","grundies-lightweight-bottom","Grundies Lightweight Bottom","","REPLACE","44837354143993","42741753217273","MERGE","2","30006-025-0014","39.99","","20","0",""
"7617840546041","grundies-lightweight-bottom","Grundies Lightweight Bottom","","REPLACE","44837354176761","42741753250041","MERGE","3","30006-025-0015","39.99","","4","0",""
"7617840546041","grundies-lightweight-bottom","Grundies Lightweight Bottom","","REPLACE","44837354209529","42741753282809","MERGE","4","30006-025-0016","39.99","","7","0",""
"7617840546041","grundies-lightweight-bottom","Grundies Lightweight Bottom","","REPLACE","44837354242297","42741753315577","MERGE","5","30006-025-0017","39.99","","2","0",""
"7617840546041","grundies-lightweight-bottom","Grundies Lightweight Bottom","","REPLACE","44837354275065","42741753348345","MERGE","6","30006-025-0018","39.99","","0","0",""
"7617840480505","grundies-thermal-1-4-zip-top","Grundies Thermal 1/4 Zip Top","base-layer, mens, Sale, Sale 2, tag__hot_Sale","REPLACE","44837353750777","42741752824057","MERGE","1","20022-025-0013","51.99","69.99","16","0",""
"7617840480505","grundies-thermal-1-4-zip-top","Grundies Thermal 1/4 Zip Top","base-layer, mens, Sale, Sale 2, tag__hot_Sale","REPLACE","44837353783545","42741752856825","MERGE","2","20022-025-0014","51.99","69.99","0","0",""
"7617840480505","grundies-thermal-1-4-zip-top","Grundies Thermal 1/4 Zip Top","base-layer, mens, Sale, Sale 2, tag__hot_Sale","REPLACE","44837353816313","42741752889593","MERGE","3","20022-025-0015","51.99","69.99","0","0",""
"7617840480505","grundies-thermal-1-4-zip-top","Grundies Thermal 1/4 Zip Top","base-layer, mens, Sale, Sale 2, tag__hot_Sale","REPLACE","44837353849081","42741752922361","MERGE","4","20022-025-0016","51.99","69.99","0","0",""
"7617840480505","grundies-thermal-1-4-zip-top","Grundies Thermal 1/4 Zip Top","base-layer, mens, Sale, Sale 2, tag__hot_Sale","REPLACE","44837353881849","42741752955129","MERGE","5","20022-025-0017","51.99","69.99","0","0",""
"7617840480505","grundies-thermal-1-4-zip-top","Grundies Thermal 1/4 Zip Top","base-layer, mens, Sale, Sale 2, tag__hot_Sale","REPLACE","44837353914617","42741752987897","MERGE","6","20022-025-0018","51.99","69.99","0","0",""
"7617840349433","grundies-lightweight-crew-top","Grundies Lightweight Crew Top","","REPLACE","44837352603897","42741751677177","MERGE","1","30005-025-0013","39.99","","22","0",""
"7617840349433","grundies-lightweight-crew-top","Grundies Lightweight Crew Top","","REPLACE","44837352636665","42741751709945","MERGE","2","30005-025-0014","39.99","","34","0",""
"7617840349433","grundies-lightweight-crew-top","Grundies Lightweight Crew Top","","REPLACE","44837352669433","42741751742713","MERGE","3","30005-025-0015","39.99","","8","0",""
"7617840349433","grundies-lightweight-crew-top","Grundies Lightweight Crew Top","","REPLACE","44837352702201","42741751775481","MERGE","4","30005-025-0016","39.99","","12","0",""
"7617840349433","grundies-lightweight-crew-top","Grundies Lightweight Crew Top","","REPLACE","44837352734969","42741751808249","MERGE","5","30005-025-0017","39.99","","7","0",""
"7617840349433","grundies-lightweight-crew-top","Grundies Lightweight Crew Top","","REPLACE","44837352767737","42741751841017","MERGE","6","30005-025-0018","39.99","","13","0",""
"7617839923449","gaff-11-short","Gaff 11"" Short","","REPLACE","44837347852537","42741746925817","MERGE","1","40062-024-5030","79.99","","0","0",""
"7617839923449","gaff-11-short","Gaff 11"" Short","","REPLACE","44837347885305","42741746958585","MERGE","2","40062-024-5032","79.99","","0","0",""
"7617839923449","gaff-11-short","Gaff 11"" Short","","REPLACE","44837347918073","42741746991353","MERGE","3","40062-024-5034","79.99","","0","0",""
"7617839923449","gaff-11-short","Gaff 11"" Short","","REPLACE","44837347950841","42741747024121","MERGE","4","40062-024-5036","79.99","","0","0",""
"7617839923449","gaff-11-short","Gaff 11"" Short","","REPLACE","44837347983609","42741747056889","MERGE","5","40062-024-5038","79.99","","0","0",""
"7617839923449","gaff-11-short","Gaff 11"" Short","","REPLACE","44837348016377","42741747089657","MERGE","6","40062-024-5040","79.99","","9","0",""
"7617839923449","gaff-11-short","Gaff 11"" Short","","REPLACE","44837348049145","42741747122425","MERGE","7","40062-024-5042","79.99","","0","0",""
"7617843429625","grundens-tote-bag","Grundéns Tote Bag","","REPLACE","46094598734073","43998154981625","MERGE","1","70099-001-0001","59.99","","0","0",""
"7617843429625","grundens-tote-bag","Grundéns Tote Bag","","REPLACE","46094598766841","43998155014393","MERGE","2","70099-800-0001","59.99","","0","0",""
"7617840677113","grundies-thermal-bottom","Grundies Thermal Bottom","","REPLACE","44837354766585","42741753839865","MERGE","1","20023-025-0013","51.99","69.99","18","0",""
"7617840677113","grundies-thermal-bottom","Grundies Thermal Bottom","","REPLACE","44837354799353","42741753872633","MERGE","2","20023-025-0014","69.99","","0","0",""
"7617840677113","grundies-thermal-bottom","Grundies Thermal Bottom","","REPLACE","44837354832121","42741753905401","MERGE","3","20023-025-0015","51.99","69.99","0","0",""
"7617840677113","grundies-thermal-bottom","Grundies Thermal Bottom","","REPLACE","44837354864889","42741753938169","MERGE","4","20023-025-0016","51.99","69.99","0","0",""
"7617840677113","grundies-thermal-bottom","Grundies Thermal Bottom","","REPLACE","44837354897657","42741753970937","MERGE","5","20023-025-0017","51.99","69.99","40","0",""
"7617840677113","grundies-thermal-bottom","Grundies Thermal Bottom","","REPLACE","44837354930425","42741754003705","MERGE","6","20023-025-0018","51.99","69.99","29","0",""
"7617841103097","full-share-pant","Full Share Pant","commercial, mens, mens-pants, Sale, Sale 2, sport, tag__hot_Sale, waterproof","REPLACE","44837360959737","42741760033017","MERGE","1","10331-001-0012","149.99","","1","0",""
"7617841103097","full-share-pant","Full Share Pant","commercial, mens, mens-pants, Sale, Sale 2, sport, tag__hot_Sale, waterproof","REPLACE","44837360992505","42741760065785","MERGE","2","10331-001-0013","149.99","","4","0",""
"7617841103097","full-share-pant","Full Share Pant","commercial, mens, mens-pants, Sale, Sale 2, sport, tag__hot_Sale, waterproof","REPLACE","44837361025273","42741760098553","MERGE","3","10331-001-0014","149.99","","12","0",""
"7617841103097","full-share-pant","Full Share Pant","commercial, mens, mens-pants, Sale, Sale 2, sport, tag__hot_Sale, waterproof","REPLACE","44837361058041","42741760131321","MERGE","4","10331-001-0015","149.99","","22","0",""
"7617841103097","full-share-pant","Full Share Pant","commercial, mens, mens-pants, Sale, Sale 2, sport, tag__hot_Sale, waterproof","REPLACE","44837361090809","42741760164089","MERGE","5","10331-001-0016","149.99","","6","0",""
"7617841103097","full-share-pant","Full Share Pant","commercial, mens, mens-pants, Sale, Sale 2, sport, tag__hot_Sale, waterproof","REPLACE","44837361123577","42741760196857","MERGE","6","10331-001-0017","149.99","","9","0",""
"7617841103097","full-share-pant","Full Share Pant","commercial, mens, mens-pants, Sale, Sale 2, sport, tag__hot_Sale, waterproof","REPLACE","44837361156345","42741760229625","MERGE","7","10331-001-0018","149.99","","2","0",""
"7617845133561","forecast-insulated-vest","Forecast Insulated Vest","","REPLACE","44837407883513","42741806956793","MERGE","1","20025-307-0013","58.99","124.99","0","0",""
"7617845133561","forecast-insulated-vest","Forecast Insulated Vest","","REPLACE","44837407916281","42741806989561","MERGE","2","20025-307-0014","58.99","124.99","0","0",""
"7617845133561","forecast-insulated-vest","Forecast Insulated Vest","","REPLACE","44837407949049","42741807022329","MERGE","3","20025-307-0015","58.99","124.99","0","0",""
"7617845133561","forecast-insulated-vest","Forecast Insulated Vest","","REPLACE","44837407981817","42741807055097","MERGE","4","20025-307-0016","58.99","124.99","0","0",""
"7617845133561","forecast-insulated-vest","Forecast Insulated Vest","","REPLACE","44837408014585","42741807087865","MERGE","5","20025-307-0017","58.99","124.99","0","0",""
"7617845133561","forecast-insulated-vest","Forecast Insulated Vest","","REPLACE","44837408047353","42741807120633","MERGE","6","20025-307-0018","58.99","124.99","0","0",""
"7617845362937","circe-capri","Circe Capri","leggings, Sale, Sale 2, tag__hot_Sale, womens, womens-pants","REPLACE","44837410832633","42741809905913","MERGE","1","40075-025-0012","49.99","89.99","132","0",""
"7617845362937","circe-capri","Circe Capri","leggings, Sale, Sale 2, tag__hot_Sale, womens, womens-pants","REPLACE","44837410865401","42741809938681","MERGE","2","40075-025-0013","49.99","89.99","245","0",""
"7617845362937","circe-capri","Circe Capri","leggings, Sale, Sale 2, tag__hot_Sale, womens, womens-pants","REPLACE","44837410898169","42741809971449","MERGE","3","40075-025-0014","49.99","89.99","255","0",""
"7617845362937","circe-capri","Circe Capri","leggings, Sale, Sale 2, tag__hot_Sale, womens, womens-pants","REPLACE","44837410930937","42741810004217","MERGE","4","40075-025-0015","49.99","89.99","155","0",""
"7617845362937","circe-capri","Circe Capri","leggings, Sale, Sale 2, tag__hot_Sale, womens, womens-pants","REPLACE","44837410963705","42741810036985","MERGE","5","40075-025-0016","49.99","89.99","112","0",""
"7617845362937","circe-capri","Circe Capri","leggings, Sale, Sale 2, tag__hot_Sale, womens, womens-pants","REPLACE","44837410603257","42741809676537","MERGE","6","40075-025-0017","49.99","89.99","44","0",""
"7617843462393","12-deck-boot","12"" Deck Boot","New Colors, tag__new_New Colors","REPLACE","48259817079033","46175333089529","MERGE","1","60014-908-1008","144.99","","13","0",""
"7617843462393","12-deck-boot","12"" Deck Boot","New Colors, tag__new_New Colors","REPLACE","48259817111801","46175333122297","MERGE","2","60014-908-1009","144.99","","23","0",""
"7617843462393","12-deck-boot","12"" Deck Boot","New Colors, tag__new_New Colors","REPLACE","48259817144569","46175333155065","MERGE","3","60014-908-1010","144.99","","23","0",""
"7617843462393","12-deck-boot","12"" Deck Boot","New Colors, tag__new_New Colors","REPLACE","48259817177337","46175333187833","MERGE","4","60014-908-1011","144.99","","23","0",""
"7617843462393","12-deck-boot","12"" Deck Boot","New Colors, tag__new_New Colors","REPLACE","48259817210105","46175333220601","MERGE","5","60014-908-1012","144.99","","30","0",""
"7617843462393","12-deck-boot","12"" Deck Boot","New Colors, tag__new_New Colors","REPLACE","48259817242873","46175333253369","MERGE","6","60014-908-1013","144.99","","33","0",""
"7617843462393","12-deck-boot","12"" Deck Boot","New Colors, tag__new_New Colors","REPLACE","48259817275641","46175333286137","MERGE","7","60014-908-1014","144.99","","2","0",""
"7617843462393","12-deck-boot","12"" Deck Boot","New Colors, tag__new_New Colors","REPLACE","44837381701881","42741780775161","MERGE","8","60014-030-1008","144.99","","2","0",""
"7617843462393","12-deck-boot","12"" Deck Boot","New Colors, tag__new_New Colors","REPLACE","44837381734649","42741780807929","MERGE","9","60014-030-1009","144.99","","3","0",""
"7617843462393","12-deck-boot","12"" Deck Boot","New Colors, tag__new_New Colors","REPLACE","44837381767417","42741780840697","MERGE","10","60014-030-1010","144.99","","7","0",""
"7617843462393","12-deck-boot","12"" Deck Boot","New Colors, tag__new_New Colors","REPLACE","44837381800185","42741780873465","MERGE","11","60014-030-1011","144.99","","8","0",""
"7617843462393","12-deck-boot","12"" Deck Boot","New Colors, tag__new_New Colors","REPLACE","44837381832953","42741780906233","MERGE","12","60014-030-1012","144.99","","2","0",""
"7617843462393","12-deck-boot","12"" Deck Boot","New Colors, tag__new_New Colors","REPLACE","44837381865721","42741780939001","MERGE","13","60014-030-1013","144.99","","0","0",""
"7617843462393","12-deck-boot","12"" Deck Boot","New Colors, tag__new_New Colors","REPLACE","44837381898489","42741780971769","MERGE","14","60014-030-1014","144.99","","1","0",""
"7617843462393","12-deck-boot","12"" Deck Boot","New Colors, tag__new_New Colors","REPLACE","44837381406969","42741780480249","MERGE","15","60014-100-1008","144.99","","5","0",""
"7617843462393","12-deck-boot","12"" Deck Boot","New Colors, tag__new_New Colors","REPLACE","44837381439737","42741780513017","MERGE","16","60014-100-1009","144.99","","5","0",""
"7617843462393","12-deck-boot","12"" Deck Boot","New Colors, tag__new_New Colors","REPLACE","44837381243129","42741780316409","MERGE","17","60014-100-1010","144.99","","3","0",""
"7617843462393","12-deck-boot","12"" Deck Boot","New Colors, tag__new_New Colors","REPLACE","44837381275897","42741780349177","MERGE","18","60014-100-1011","144.99","","0","0",""
"7617843462393","12-deck-boot","12"" Deck Boot","New Colors, tag__new_New Colors","REPLACE","44837381308665","42741780381945","MERGE","19","60014-100-1012","144.99","","0","0",""
"7617843462393","12-deck-boot","12"" Deck Boot","New Colors, tag__new_New Colors","REPLACE","44837381341433","42741780414713","MERGE","20","60014-100-1013","144.99","","0","0",""
"7617843462393","12-deck-boot","12"" Deck Boot","New Colors, tag__new_New Colors","REPLACE","44837381374201","42741780447481","MERGE","21","60014-100-1014","144.99","","0","0",""
"7617846870265","grundens-dog-leash","Grundéns Dog Leash","","REPLACE","44837423841529","42741822914809","MERGE","1","60035-001-0001","19.99","25.99","0","0",""
"7617846935801","grundens-dog-collar","Grundéns Dog Collar","","REPLACE","44837424627961","42741823701241","MERGE","1","60034-001-0013","14.99","19.99","574","0",""
"7617846935801","grundens-dog-collar","Grundéns Dog Collar","","REPLACE","44837424660729","42741823734009","MERGE","2","60034-001-0014","14.99","19.99","0","0",""
"7617846935801","grundens-dog-collar","Grundéns Dog Collar","","REPLACE","44837424693497","42741823766777","MERGE","3","60034-001-0015","14.99","19.99","13","0",""
"7617846444281","freeboard-leather-chukka","Freeboard Leather Chukka","footwear, mens, Sale, Sale 2, shoes, tag__hot_Sale","REPLACE","44837420007673","42741819080953","MERGE","1","60016-025-1008","49.99","139.99","0","0",""
"7617846444281","freeboard-leather-chukka","Freeboard Leather Chukka","footwear, mens, Sale, Sale 2, shoes, tag__hot_Sale","REPLACE","44837420040441","42741819113721","MERGE","2","60016-025-1009","49.99","139.99","0","0",""
"7617846444281","freeboard-leather-chukka","Freeboard Leather Chukka","footwear, mens, Sale, Sale 2, shoes, tag__hot_Sale","REPLACE","44837420073209","42741819146489","MERGE","3","60016-025-1010","49.99","139.99","0","0",""
"7617846444281","freeboard-leather-chukka","Freeboard Leather Chukka","footwear, mens, Sale, Sale 2, shoes, tag__hot_Sale","REPLACE","44837420105977","42741819179257","MERGE","4","60016-025-1011","49.99","139.99","0","0",""
"7617846444281","freeboard-leather-chukka","Freeboard Leather Chukka","footwear, mens, Sale, Sale 2, shoes, tag__hot_Sale","REPLACE","44837420138745","42741819212025","MERGE","5","60016-025-1012","49.99","139.99","0","0",""
"7617846444281","freeboard-leather-chukka","Freeboard Leather Chukka","footwear, mens, Sale, Sale 2, shoes, tag__hot_Sale","REPLACE","44837420171513","42741819244793","MERGE","6","60016-025-1013","49.99","139.99","0","0",""
"7617846444281","freeboard-leather-chukka","Freeboard Leather Chukka","footwear, mens, Sale, Sale 2, shoes, tag__hot_Sale","REPLACE","44837420204281","42741819277561","MERGE","7","60016-025-1014","49.99","139.99","0","0",""
"7617846444281","freeboard-leather-chukka","Freeboard Leather Chukka","footwear, mens, Sale, Sale 2, shoes, tag__hot_Sale","REPLACE","44837419778297","42741818851577","MERGE","8","60016-205-1008","49.99","139.99","0","0",""
"7617846444281","freeboard-leather-chukka","Freeboard Leather Chukka","footwear, mens, Sale, Sale 2, shoes, tag__hot_Sale","REPLACE","44837419811065","42741818884345","MERGE","9","60016-205-1009","49.99","139.99","0","0",""
"7617846444281","freeboard-leather-chukka","Freeboard Leather Chukka","footwear, mens, Sale, Sale 2, shoes, tag__hot_Sale","REPLACE","44837419843833","42741818917113","MERGE","10","60016-205-1010","49.99","139.99","0","0",""
"7617846444281","freeboard-leather-chukka","Freeboard Leather Chukka","footwear, mens, Sale, Sale 2, shoes, tag__hot_Sale","REPLACE","44837419876601","42741818949881","MERGE","11","60016-205-1011","49.99","139.99","0","0",""
"7617846444281","freeboard-leather-chukka","Freeboard Leather Chukka","footwear, mens, Sale, Sale 2, shoes, tag__hot_Sale","REPLACE","44837419909369","42741818982649","MERGE","12","60016-205-1012","49.99","139.99","0","0",""
"7617846444281","freeboard-leather-chukka","Freeboard Leather Chukka","footwear, mens, Sale, Sale 2, shoes, tag__hot_Sale","REPLACE","44837419942137","42741819015417","MERGE","13","60016-205-1013","49.99","139.99","0","0",""
"7617846444281","freeboard-leather-chukka","Freeboard Leather Chukka","footwear, mens, Sale, Sale 2, shoes, tag__hot_Sale","REPLACE","44837419974905","42741819048185","MERGE","14","60016-205-1014","49.99","139.99","0","0",""
"7617845395705","womens-solstrale-hoodie","Women's Solstrale Hoodie","","REPLACE","44837410996473","42741810069753","MERGE","1","40074-416-0012","29.99","49.99","0","0",""
"7617845395705","womens-solstrale-hoodie","Women's Solstrale Hoodie","","REPLACE","44837411029241","42741810102521","MERGE","2","40074-416-0013","29.99","49.99","0","0",""
"7617845395705","womens-solstrale-hoodie","Women's Solstrale Hoodie","","REPLACE","44837411062009","42741810135289","MERGE","3","40074-416-0014","29.99","59.99","82","0",""
"7617845395705","womens-solstrale-hoodie","Women's Solstrale Hoodie","","REPLACE","44837411094777","42741810168057","MERGE","4","40074-416-0015","29.99","59.99","77","0",""
"7617845395705","womens-solstrale-hoodie","Women's Solstrale Hoodie","","REPLACE","44837411127545","42741810200825","MERGE","5","40074-416-0016","29.99","59.99","50","0",""
"7617845395705","womens-solstrale-hoodie","Women's Solstrale Hoodie","","REPLACE","44837411160313","42741810233593","MERGE","6","40074-416-0017","29.99","59.99","0","0",""
"7617845395705","womens-solstrale-hoodie","Women's Solstrale Hoodie","","REPLACE","44837411389689","42741810462969","MERGE","7","40074-652-0012","29.99","59.99","0","0",""
"7617845395705","womens-solstrale-hoodie","Women's Solstrale Hoodie","","REPLACE","44837411422457","42741810495737","MERGE","8","40074-652-0013","29.99","59.99","0","0",""
"7617845395705","womens-solstrale-hoodie","Women's Solstrale Hoodie","","REPLACE","44837411455225","42741810528505","MERGE","9","40074-652-0014","29.99","59.99","259","0",""
"7617845395705","womens-solstrale-hoodie","Women's Solstrale Hoodie","","REPLACE","44837411487993","42741810561273","MERGE","10","40074-652-0015","29.99","59.99","234","0",""
"7617845395705","womens-solstrale-hoodie","Women's Solstrale Hoodie","","REPLACE","44837411520761","42741810594041","MERGE","11","40074-652-0016","29.99","59.99","165","0",""
"7617845395705","womens-solstrale-hoodie","Women's Solstrale Hoodie","","REPLACE","44837411553529","42741810626809","MERGE","12","40074-652-0017","29.99","59.99","0","0",""
"7617845395705","womens-solstrale-hoodie","Women's Solstrale Hoodie","","REPLACE","44837411193081","42741810266361","MERGE","13","40074-022-0012","29.99","59.99","0","0",""
"7617845395705","womens-solstrale-hoodie","Women's Solstrale Hoodie","","REPLACE","44837411225849","42741810299129","MERGE","14","40074-022-0013","29.99","59.99","0","0",""
"7617845395705","womens-solstrale-hoodie","Women's Solstrale Hoodie","","REPLACE","44837411258617","42741810331897","MERGE","15","40074-022-0014","29.99","59.99","0","0",""
"7617845395705","womens-solstrale-hoodie","Women's Solstrale Hoodie","","REPLACE","44837411291385","42741810364665","MERGE","16","40074-022-0015","29.99","59.99","0","0",""
"7617845395705","womens-solstrale-hoodie","Women's Solstrale Hoodie","","REPLACE","44837411324153","42741810397433","MERGE","17","40074-022-0016","29.99","59.99","16","0",""
"7617845395705","womens-solstrale-hoodie","Women's Solstrale Hoodie","","REPLACE","44837411356921","42741810430201","MERGE","18","40074-022-0017","29.99","59.99","0","0",""
"7617843691769","6-deviation-ankle-boot","Deviation 6"" Ankle Boot","","REPLACE","49186715336953","47099739537657","MERGE","1","60015-245-1008","149.99","","0","0",""
"7617843691769","6-deviation-ankle-boot","Deviation 6"" Ankle Boot","","REPLACE","49186715369721","47099739570425","MERGE","2","60015-245-1009","149.99","","0","0",""
"7617843691769","6-deviation-ankle-boot","Deviation 6"" Ankle Boot","","REPLACE","49186715402489","47099739603193","MERGE","3","60015-245-1010","149.99","","2","0",""
"7617843691769","6-deviation-ankle-boot","Deviation 6"" Ankle Boot","","REPLACE","49186715435257","47099739635961","MERGE","4","60015-245-1011","149.99","","-1","0",""
"7617843691769","6-deviation-ankle-boot","Deviation 6"" Ankle Boot","","REPLACE","49186715468025","47099739668729","MERGE","5","60015-245-1012","149.99","","0","0",""
"7617843691769","6-deviation-ankle-boot","Deviation 6"" Ankle Boot","","REPLACE","49186715500793","47099739701497","MERGE","6","60015-245-1013","149.99","","0","0",""
"7617843691769","6-deviation-ankle-boot","Deviation 6"" Ankle Boot","","REPLACE","49186715533561","47099739734265","MERGE","7","60015-245-1014","149.99","","0","0",""
"7617843691769","6-deviation-ankle-boot","Deviation 6"" Ankle Boot","","REPLACE","44837383536889","42741782610169","MERGE","8","60015-025-1008","144.99","","0","0",""
"7617843691769","6-deviation-ankle-boot","Deviation 6"" Ankle Boot","","REPLACE","44837383569657","42741782642937","MERGE","9","60015-025-1009","144.99","","0","0",""
"7617843691769","6-deviation-ankle-boot","Deviation 6"" Ankle Boot","","REPLACE","44837383602425","42741782675705","MERGE","10","60015-025-1010","144.99","","1","0",""
"7617843691769","6-deviation-ankle-boot","Deviation 6"" Ankle Boot","","REPLACE","44837383635193","42741782708473","MERGE","11","60015-025-1011","144.99","","0","0",""
"7617843691769","6-deviation-ankle-boot","Deviation 6"" Ankle Boot","","REPLACE","44837383667961","42741782741241","MERGE","12","60015-025-1012","144.99","","0","0",""
"7617843691769","6-deviation-ankle-boot","Deviation 6"" Ankle Boot","","REPLACE","44837383700729","42741782774009","MERGE","13","60015-025-1013","144.99","","0","0",""
"7617843691769","6-deviation-ankle-boot","Deviation 6"" Ankle Boot","","REPLACE","44837383733497","42741782806777","MERGE","14","60015-025-1014","144.99","","9","0",""
"7617843691769","6-deviation-ankle-boot","Deviation 6"" Ankle Boot","","REPLACE","44837382619385","42741781692665","MERGE","15","60015-200-1008","144.99","","0","0",""
"7617843691769","6-deviation-ankle-boot","Deviation 6"" Ankle Boot","","REPLACE","44837382652153","42741781725433","MERGE","16","60015-200-1009","144.99","","1","0",""
"7617843691769","6-deviation-ankle-boot","Deviation 6"" Ankle Boot","","REPLACE","44837382684921","42741781758201","MERGE","17","60015-200-1010","144.99","","0","0",""
"7617843691769","6-deviation-ankle-boot","Deviation 6"" Ankle Boot","","REPLACE","44837382717689","42741781790969","MERGE","18","60015-200-1011","144.99","","0","0",""
"7617843691769","6-deviation-ankle-boot","Deviation 6"" Ankle Boot","","REPLACE","44837382750457","42741781823737","MERGE","19","60015-200-1012","144.99","","0","0",""
"7617843691769","6-deviation-ankle-boot","Deviation 6"" Ankle Boot","","REPLACE","44837382783225","42741781856505","MERGE","20","60015-200-1013","144.99","","0","0",""
"7617843691769","6-deviation-ankle-boot","Deviation 6"" Ankle Boot","","REPLACE","44837382815993","42741781889273","MERGE","21","60015-200-1014","144.99","","0","0",""
"7617843691769","6-deviation-ankle-boot","Deviation 6"" Ankle Boot","","REPLACE","47481191694585","45394799689977","MERGE","22","60015-912-1008","144.99","","0","0",""
"7617843691769","6-deviation-ankle-boot","Deviation 6"" Ankle Boot","","REPLACE","47481191727353","45394799722745","MERGE","23","60015-912-1009","144.99","","1","0",""
"7617843691769","6-deviation-ankle-boot","Deviation 6"" Ankle Boot","","REPLACE","47481191760121","45394799755513","MERGE","24","60015-912-1010","144.99","","1","0",""
"7617843691769","6-deviation-ankle-boot","Deviation 6"" Ankle Boot","","REPLACE","47481191792889","45394799788281","MERGE","25","60015-912-1011","144.99","","0","0",""
"7617843691769","6-deviation-ankle-boot","Deviation 6"" Ankle Boot","","REPLACE","47481191825657","45394799821049","MERGE","26","60015-912-1012","144.99","","0","0",""
"7617843691769","6-deviation-ankle-boot","Deviation 6"" Ankle Boot","","REPLACE","47481191858425","45394799853817","MERGE","27","60015-912-1013","144.99","","6","0",""
"7617843691769","6-deviation-ankle-boot","Deviation 6"" Ankle Boot","","REPLACE","47481191891193","45394799886585","MERGE","28","60015-912-1014","144.99","","1","0",""
"7617846968569","trident-pant","Trident Pant","","REPLACE","44837424726265","42741823799545","MERGE","1","10360-025-0013","115.99","","0","0",""
"7617846968569","trident-pant","Trident Pant","","REPLACE","44837424759033","42741823832313","MERGE","2","10360-025-0014","115.99","","5","0",""
"7617846968569","trident-pant","Trident Pant","","REPLACE","44837424791801","42741823865081","MERGE","3","10360-025-0015","115.99","","7","0",""
"7617846968569","trident-pant","Trident Pant","","REPLACE","44837424824569","42741823897849","MERGE","4","10360-025-0016","115.99","","11","0",""
"7617846968569","trident-pant","Trident Pant","","REPLACE","44837424857337","42741823930617","MERGE","5","10360-025-0017","115.99","","21","0",""
"7617846968569","trident-pant","Trident Pant","","REPLACE","44837424890105","42741823963385","MERGE","6","10360-025-0018","115.99","","2","0",""
"7617847558393","new-solstrale-hoodie","Solstrale Hoodie","","REPLACE","47142733611257","45046239691001","MERGE","1","40079-914-0013","34.99","59.99","0","0",""
"7617847558393","new-solstrale-hoodie","Solstrale Hoodie","","REPLACE","47142733644025","45046239723769","MERGE","2","40079-914-0014","34.99","59.99","0","0",""
"7617847558393","new-solstrale-hoodie","Solstrale Hoodie","","REPLACE","47142733676793","45046239756537","MERGE","3","40079-914-0015","34.99","59.99","0","0",""
"7617847558393","new-solstrale-hoodie","Solstrale Hoodie","","REPLACE","47142733709561","45046239789305","MERGE","4","40079-914-0016","34.99","59.99","0","0",""
"7617847558393","new-solstrale-hoodie","Solstrale Hoodie","","REPLACE","47142733742329","45046239822073","MERGE","5","40079-914-0017","34.99","59.99","0","0",""
"7617847558393","new-solstrale-hoodie","Solstrale Hoodie","","REPLACE","47142733775097","45046239854841","MERGE","6","40079-914-0018","34.99","59.99","0","0",""
"7617847099641","full-share-anorak","Full Share Anorak","mens, mens-jackets","REPLACE","44837425938681","42741825011961","MERGE","1","10358-015-0013","104.99","139.99","61","0",""
"7617847099641","full-share-anorak","Full Share Anorak","mens, mens-jackets","REPLACE","44837425971449","42741825044729","MERGE","2","10358-015-0014","104.99","139.99","0","0",""
"7617847099641","full-share-anorak","Full Share Anorak","mens, mens-jackets","REPLACE","44837426004217","42741825077497","MERGE","3","10358-015-0015","104.99","139.99","0","0",""
"7617847099641","full-share-anorak","Full Share Anorak","mens, mens-jackets","REPLACE","44837426036985","42741825110265","MERGE","4","10358-015-0016","104.99","139.99","0","0",""
"7617847099641","full-share-anorak","Full Share Anorak","mens, mens-jackets","REPLACE","44837426069753","42741825143033","MERGE","5","10358-015-0017","104.99","139.99","0","0",""
"7617847099641","full-share-anorak","Full Share Anorak","mens, mens-jackets","REPLACE","44837426102521","42741825175801","MERGE","6","10358-015-0018","104.99","139.99","0","0",""
"7617847099641","full-share-anorak","Full Share Anorak","mens, mens-jackets","REPLACE","44837426135289","42741825208569","MERGE","7","10358-607-0013","104.99","139.99","13","0",""
"7617847099641","full-share-anorak","Full Share Anorak","mens, mens-jackets","REPLACE","44837426168057","42741825241337","MERGE","8","10358-607-0014","104.99","139.99","46","0",""
"7617847099641","full-share-anorak","Full Share Anorak","mens, mens-jackets","REPLACE","44837426200825","42741825274105","MERGE","9","10358-607-0015","104.99","139.99","94","0",""
"7617847099641","full-share-anorak","Full Share Anorak","mens, mens-jackets","REPLACE","44837426233593","42741825306873","MERGE","10","10358-607-0016","104.99","139.99","39","0",""
"7617847099641","full-share-anorak","Full Share Anorak","mens, mens-jackets","REPLACE","44837426266361","42741825339641","MERGE","11","10358-607-0017","104.99","139.99","26","0",""
"7617847099641","full-share-anorak","Full Share Anorak","mens, mens-jackets","REPLACE","44837426299129","42741825372409","MERGE","12","10358-607-0018","104.99","139.99","1","0",""
"7617847099641","full-share-anorak","Full Share Anorak","mens, mens-jackets","REPLACE","44837426331897","42741825405177","MERGE","13","10358-730-0013","104.99","139.99","191","0",""
"7617847099641","full-share-anorak","Full Share Anorak","mens, mens-jackets","REPLACE","44837426364665","42741825437945","MERGE","14","10358-730-0014","104.99","139.99","536","0",""
"7617847099641","full-share-anorak","Full Share Anorak","mens, mens-jackets","REPLACE","44837426397433","42741825470713","MERGE","15","10358-730-0015","104.99","139.99","724","0",""
"7617847099641","full-share-anorak","Full Share Anorak","mens, mens-jackets","REPLACE","44837426430201","42741825503481","MERGE","16","10358-730-0016","104.99","139.99","702","0",""
"7617847099641","full-share-anorak","Full Share Anorak","mens, mens-jackets","REPLACE","44837426462969","42741825536249","MERGE","17","10358-730-0017","104.99","139.99","492","0",""
"7617847099641","full-share-anorak","Full Share Anorak","mens, mens-jackets","REPLACE","44837426495737","42741825569017","MERGE","18","10358-730-0018","104.99","139.99","123","0",""
"7617847755001","solstrale-pro-hoody","Solstrale PRO Hoodie","long-sleeve, mens, shirts, sun","REPLACE","44837431804153","42741830877433","MERGE","1","40078-058-0013","59.99","99.99","300","0",""
"7617847755001","solstrale-pro-hoody","Solstrale PRO Hoodie","long-sleeve, mens, shirts, sun","REPLACE","44837431836921","42741830910201","MERGE","2","40078-058-0014","59.99","99.99","461","0",""
"7617847755001","solstrale-pro-hoody","Solstrale PRO Hoodie","long-sleeve, mens, shirts, sun","REPLACE","44837431869689","42741830942969","MERGE","3","40078-058-0015","59.99","99.99","0","0",""
"7617847755001","solstrale-pro-hoody","Solstrale PRO Hoodie","long-sleeve, mens, shirts, sun","REPLACE","44837431902457","42741830975737","MERGE","4","40078-058-0016","59.99","99.99","0","0",""
"7617847755001","solstrale-pro-hoody","Solstrale PRO Hoodie","long-sleeve, mens, shirts, sun","REPLACE","44837431935225","42741831008505","MERGE","5","40078-058-0017","59.99","99.99","0","0",""
"7617847755001","solstrale-pro-hoody","Solstrale PRO Hoodie","long-sleeve, mens, shirts, sun","REPLACE","44837432262905","42741831336185","MERGE","6","40078-459-0013","59.99","99.99","207","0",""
"7617847755001","solstrale-pro-hoody","Solstrale PRO Hoodie","long-sleeve, mens, shirts, sun","REPLACE","44837432295673","42741831368953","MERGE","7","40078-459-0014","59.99","99.99","299","0",""
"7617847755001","solstrale-pro-hoody","Solstrale PRO Hoodie","long-sleeve, mens, shirts, sun","REPLACE","44837432328441","42741831401721","MERGE","8","40078-459-0015","59.99","99.99","0","0",""
"7617847755001","solstrale-pro-hoody","Solstrale PRO Hoodie","long-sleeve, mens, shirts, sun","REPLACE","44837432361209","42741831434489","MERGE","9","40078-459-0016","59.99","99.99","0","0",""
"7617847755001","solstrale-pro-hoody","Solstrale PRO Hoodie","long-sleeve, mens, shirts, sun","REPLACE","44837432393977","42741831467257","MERGE","10","40078-459-0017","59.99","99.99","0","0",""
"7617847755001","solstrale-pro-hoody","Solstrale PRO Hoodie","long-sleeve, mens, shirts, sun","REPLACE","44837432426745","42741831500025","MERGE","11","40078-326-0013","59.99","99.99","36","0",""
"7617847755001","solstrale-pro-hoody","Solstrale PRO Hoodie","long-sleeve, mens, shirts, sun","REPLACE","44837431967993","42741831041273","MERGE","12","40078-326-0014","59.99","99.99","3","0",""
"7617847755001","solstrale-pro-hoody","Solstrale PRO Hoodie","long-sleeve, mens, shirts, sun","REPLACE","44837432000761","42741831074041","MERGE","13","40078-326-0015","59.99","99.99","0","0",""
"7617847755001","solstrale-pro-hoody","Solstrale PRO Hoodie","long-sleeve, mens, shirts, sun","REPLACE","44837432033529","42741831106809","MERGE","14","40078-326-0016","59.99","99.99","0","0",""
"7617847755001","solstrale-pro-hoody","Solstrale PRO Hoodie","long-sleeve, mens, shirts, sun","REPLACE","44837432066297","42741831139577","MERGE","15","40078-326-0017","59.99","99.99","0","0",""
"7617848148217","tech-tee-ls-lobster-print","Tech Tee LS - Lobster Print","","REPLACE","44837436195065","42741835268345","MERGE","1","40089-058-0013","29.99","49.99","0","0",""
"7617848148217","tech-tee-ls-lobster-print","Tech Tee LS - Lobster Print","","REPLACE","44837436227833","42741835301113","MERGE","2","40089-058-0014","29.99","49.99","0","0",""
"7617848148217","tech-tee-ls-lobster-print","Tech Tee LS - Lobster Print","","REPLACE","44837436260601","42741835333881","MERGE","3","40089-058-0015","29.99","49.99","0","0",""
"7617848148217","tech-tee-ls-lobster-print","Tech Tee LS - Lobster Print","","REPLACE","44837436293369","42741835366649","MERGE","4","40089-058-0016","29.99","49.99","0","0",""
"7617848148217","tech-tee-ls-lobster-print","Tech Tee LS - Lobster Print","","REPLACE","44837436326137","42741835399417","MERGE","5","40089-058-0017","29.99","49.99","0","0",""
"7617848148217","tech-tee-ls-lobster-print","Tech Tee LS - Lobster Print","","REPLACE","44837436358905","42741835432185","MERGE","6","40089-058-0018","29.99","49.99","0","0",""
"7617848803577","shoreman-tote-bag","Shoreman Tote Bag","","REPLACE","44837440979193","42741840052473","MERGE","1","70109-001-0001","37.99","49.99","0","0",""
"7617848803577","shoreman-tote-bag","Shoreman Tote Bag","","REPLACE","44837441044729","42741840118009","MERGE","2","70109-100-0001","37.99","49.99","218","0",""
"7617848803577","shoreman-tote-bag","Shoreman Tote Bag","","REPLACE","44837441011961","42741840085241","MERGE","3","70109-800-0001","37.99","49.99","0","0",""
"7617847394553","solstrale-crew","Solstrale Crew","long-sleeve, mens, Sale, Sale 2, shirts, sun, tag__hot_Sale","REPLACE","44837430362361","42741829435641","MERGE","1","40085-423-0013","19.99","39.99","0","0",""
"7617847394553","solstrale-crew","Solstrale Crew","long-sleeve, mens, Sale, Sale 2, shirts, sun, tag__hot_Sale","REPLACE","44837430395129","42741829468409","MERGE","2","40085-423-0014","19.99","39.99","0","0",""
"7617847394553","solstrale-crew","Solstrale Crew","long-sleeve, mens, Sale, Sale 2, shirts, sun, tag__hot_Sale","REPLACE","44837430427897","42741829501177","MERGE","3","40085-423-0015","19.99","39.99","0","0",""
"7617847394553","solstrale-crew","Solstrale Crew","long-sleeve, mens, Sale, Sale 2, shirts, sun, tag__hot_Sale","REPLACE","44837430460665","42741829533945","MERGE","4","40085-423-0016","19.99","39.99","0","0",""
"7617847394553","solstrale-crew","Solstrale Crew","long-sleeve, mens, Sale, Sale 2, shirts, sun, tag__hot_Sale","REPLACE","44837430493433","42741829566713","MERGE","5","40085-423-0017","24.99","49.99","0","0",""
"7617847394553","solstrale-crew","Solstrale Crew","long-sleeve, mens, Sale, Sale 2, shirts, sun, tag__hot_Sale","REPLACE","44837430526201","42741829599481","MERGE","6","40085-423-0018","24.99","49.99","0","0",""
"7617847394553","solstrale-crew","Solstrale Crew","long-sleeve, mens, Sale, Sale 2, shirts, sun, tag__hot_Sale","REPLACE","44837429772537","42741828845817","MERGE","7","40085-418-0013","24.99","49.99","0","0",""
"7617847394553","solstrale-crew","Solstrale Crew","long-sleeve, mens, Sale, Sale 2, shirts, sun, tag__hot_Sale","REPLACE","44837429805305","42741828878585","MERGE","8","40085-418-0014","24.99","49.99","1","0",""
"7617847394553","solstrale-crew","Solstrale Crew","long-sleeve, mens, Sale, Sale 2, shirts, sun, tag__hot_Sale","REPLACE","44837429838073","42741828911353","MERGE","9","40085-418-0015","24.99","49.99","1","0",""
"7617847394553","solstrale-crew","Solstrale Crew","long-sleeve, mens, Sale, Sale 2, shirts, sun, tag__hot_Sale","REPLACE","44837429870841","42741828944121","MERGE","10","40085-418-0016","24.99","49.99","0","0",""
"7617847394553","solstrale-crew","Solstrale Crew","long-sleeve, mens, Sale, Sale 2, shirts, sun, tag__hot_Sale","REPLACE","44837429903609","42741828976889","MERGE","11","40085-418-0017","24.99","49.99","0","0",""
"7617847394553","solstrale-crew","Solstrale Crew","long-sleeve, mens, Sale, Sale 2, shirts, sun, tag__hot_Sale","REPLACE","44837429936377","42741829009657","MERGE","12","40085-418-0018","24.99","49.99","0","0",""
"7617847394553","solstrale-crew","Solstrale Crew","long-sleeve, mens, Sale, Sale 2, shirts, sun, tag__hot_Sale","REPLACE","44837430165753","42741829239033","MERGE","13","40085-806-0013","24.99","49.99","0","0",""
"7617847394553","solstrale-crew","Solstrale Crew","long-sleeve, mens, Sale, Sale 2, shirts, sun, tag__hot_Sale","REPLACE","44837430198521","42741829271801","MERGE","14","40085-806-0014","24.99","49.99","0","0",""
"7617847394553","solstrale-crew","Solstrale Crew","long-sleeve, mens, Sale, Sale 2, shirts, sun, tag__hot_Sale","REPLACE","44837430231289","42741829304569","MERGE","15","40085-806-0015","24.99","49.99","0","0",""
"7617847394553","solstrale-crew","Solstrale Crew","long-sleeve, mens, Sale, Sale 2, shirts, sun, tag__hot_Sale","REPLACE","44837430264057","42741829337337","MERGE","16","40085-806-0016","24.99","49.99","0","0",""
"7617847394553","solstrale-crew","Solstrale Crew","long-sleeve, mens, Sale, Sale 2, shirts, sun, tag__hot_Sale","REPLACE","44837430296825","42741829370105","MERGE","17","40085-806-0017","24.99","49.99","0","0",""
"7617847394553","solstrale-crew","Solstrale Crew","long-sleeve, mens, Sale, Sale 2, shirts, sun, tag__hot_Sale","REPLACE","44837430329593","42741829402873","MERGE","18","40085-806-0018","24.99","49.99","0","0",""
"7617847394553","solstrale-crew","Solstrale Crew","long-sleeve, mens, Sale, Sale 2, shirts, sun, tag__hot_Sale","REPLACE","44837429969145","42741829042425","MERGE","19","40085-058-0013","24.99","49.99","0","0",""
"7617847394553","solstrale-crew","Solstrale Crew","long-sleeve, mens, Sale, Sale 2, shirts, sun, tag__hot_Sale","REPLACE","44837430001913","42741829075193","MERGE","20","40085-058-0014","24.99","49.99","0","0",""
"7617847394553","solstrale-crew","Solstrale Crew","long-sleeve, mens, Sale, Sale 2, shirts, sun, tag__hot_Sale","REPLACE","44837430034681","42741829107961","MERGE","21","40085-058-0015","24.99","49.99","0","0",""
"7617847394553","solstrale-crew","Solstrale Crew","long-sleeve, mens, Sale, Sale 2, shirts, sun, tag__hot_Sale","REPLACE","44837430067449","42741829140729","MERGE","22","40085-058-0016","24.99","49.99","0","0",""
"7617847394553","solstrale-crew","Solstrale Crew","long-sleeve, mens, Sale, Sale 2, shirts, sun, tag__hot_Sale","REPLACE","44837430100217","42741829173497","MERGE","23","40085-058-0017","24.99","49.99","0","0",""
"7617847394553","solstrale-crew","Solstrale Crew","long-sleeve, mens, Sale, Sale 2, shirts, sun, tag__hot_Sale","REPLACE","44837430132985","42741829206265","MERGE","24","40085-058-0018","24.99","49.99","0","0",""
"7617847394553","solstrale-crew","Solstrale Crew","long-sleeve, mens, Sale, Sale 2, shirts, sun, tag__hot_Sale","REPLACE","45789325820153","43694880981241","MERGE","25","40085-221-0013","24.99","49.99","0","0",""
"7617847394553","solstrale-crew","Solstrale Crew","long-sleeve, mens, Sale, Sale 2, shirts, sun, tag__hot_Sale","REPLACE","45789325852921","43694881014009","MERGE","26","40085-221-0014","24.99","49.99","0","0",""
"7617847394553","solstrale-crew","Solstrale Crew","long-sleeve, mens, Sale, Sale 2, shirts, sun, tag__hot_Sale","REPLACE","45789325885689","43694881046777","MERGE","27","40085-221-0015","24.99","49.99","0","0",""
"7617847394553","solstrale-crew","Solstrale Crew","long-sleeve, mens, Sale, Sale 2, shirts, sun, tag__hot_Sale","REPLACE","45789325918457","43694881079545","MERGE","28","40085-221-0016","24.99","49.99","0","0",""
"7617847394553","solstrale-crew","Solstrale Crew","long-sleeve, mens, Sale, Sale 2, shirts, sun, tag__hot_Sale","REPLACE","45789325951225","43694881112313","MERGE","29","40085-221-0017","24.99","49.99","0","0",""
"7617847394553","solstrale-crew","Solstrale Crew","long-sleeve, mens, Sale, Sale 2, shirts, sun, tag__hot_Sale","REPLACE","45789325983993","43694881145081","MERGE","30","40085-221-0018","24.99","49.99","6","0",""
"7617848312057","tech-tee-ls-anchor-down-print","Tech Tee LS Anchor Down Print","","REPLACE","44837437047033","42741836120313","MERGE","1","40093-423-0013","23.99","39.99","0","0",""
"7617848312057","tech-tee-ls-anchor-down-print","Tech Tee LS Anchor Down Print","","REPLACE","44837437079801","42741836153081","MERGE","2","40093-423-0014","23.99","39.99","0","0",""
"7617848312057","tech-tee-ls-anchor-down-print","Tech Tee LS Anchor Down Print","","REPLACE","44837437112569","42741836185849","MERGE","3","40093-423-0015","23.99","39.99","0","0",""
"7617848312057","tech-tee-ls-anchor-down-print","Tech Tee LS Anchor Down Print","","REPLACE","44837437145337","42741836218617","MERGE","4","40093-423-0016","23.99","39.99","0","0",""
"7617848312057","tech-tee-ls-anchor-down-print","Tech Tee LS Anchor Down Print","","REPLACE","44837437178105","42741836251385","MERGE","5","40093-423-0017","29.99","49.99","0","0",""
"7617848312057","tech-tee-ls-anchor-down-print","Tech Tee LS Anchor Down Print","","REPLACE","44837437210873","42741836284153","MERGE","6","40093-423-0018","29.99","49.99","0","0",""
"7617848869113","new-weather-watch-bib","Weather Watch Bib","","REPLACE","44837441274105","42741840347385","MERGE","1","10225-001-0012","89.99","","0","0",""
"7617848869113","new-weather-watch-bib","Weather Watch Bib","","REPLACE","44837441306873","42741840380153","MERGE","2","10362-001-0013","66.99","89.99","12","0",""
"7617848869113","new-weather-watch-bib","Weather Watch Bib","","REPLACE","44837441339641","42741840412921","MERGE","3","10225-001-0014","89.99","","0","0",""
"7617848869113","new-weather-watch-bib","Weather Watch Bib","","REPLACE","44837441372409","42741840445689","MERGE","4","10225-001-0015","89.99","","2","0",""
"7617848869113","new-weather-watch-bib","Weather Watch Bib","","REPLACE","44837441405177","42741840478457","MERGE","5","10225-001-0016","89.99","","6","0",""
"7617848869113","new-weather-watch-bib","Weather Watch Bib","","REPLACE","44837441437945","42741840511225","MERGE","6","10225-001-0017","89.99","","0","0",""
"7617848869113","new-weather-watch-bib","Weather Watch Bib","","REPLACE","44837441470713","42741840543993","MERGE","7","10362-001-0018","70.99","94.99","19","0",""
"7617848869113","new-weather-watch-bib","Weather Watch Bib","","REPLACE","44837441503481","42741840576761","MERGE","8","10225-730-0012","89.99","","2","0",""
"7617848869113","new-weather-watch-bib","Weather Watch Bib","","REPLACE","44837441536249","42741840609529","MERGE","9","10225-730-0013","89.99","","2","0",""
"7617848869113","new-weather-watch-bib","Weather Watch Bib","","REPLACE","44837441569017","42741840642297","MERGE","10","10225-730-0014","89.99","","7","0",""
"7617848869113","new-weather-watch-bib","Weather Watch Bib","","REPLACE","44837441601785","42741840675065","MERGE","11","10225-730-0015","89.99","","0","0",""
"7617848869113","new-weather-watch-bib","Weather Watch Bib","","REPLACE","44837441634553","42741840707833","MERGE","12","10225-730-0016","89.99","","4","0",""
"7617848869113","new-weather-watch-bib","Weather Watch Bib","","REPLACE","44837441667321","42741840740601","MERGE","13","10362-730-0017","66.99","89.99","99","0",""
"7617848869113","new-weather-watch-bib","Weather Watch Bib","","REPLACE","44837441700089","42741840773369","MERGE","14","10362-730-0018","70.99","94.99","40","0",""
"7617848869113","new-weather-watch-bib","Weather Watch Bib","","REPLACE","45717295333625","43623614087417","MERGE","15","10225-001-0019","89.99","","0","0",""
"7617848869113","new-weather-watch-bib","Weather Watch Bib","","REPLACE","45717296021753","43623614775545","MERGE","16","10225-001-0020","89.99","","0","0",""
"7617848869113","new-weather-watch-bib","Weather Watch Bib","","REPLACE","45717296087289","43623614841081","MERGE","17","10225-730-0019","70.99","","0","0",""
"7617848869113","new-weather-watch-bib","Weather Watch Bib","","REPLACE","45717296546041","43623615299833","MERGE","18","10225-730-0020","70.99","","0","0",""
"7617849229561","womens-weather-watch-jacket","NEW Women's Weather Watch Jacket","hi-vis, light, sport, womens, womens-jackets","REPLACE","44837443862777","42741842936057","MERGE","1","10227-324-0012","89.99","","0","0",""
"7617849229561","womens-weather-watch-jacket","NEW Women's Weather Watch Jacket","hi-vis, light, sport, womens, womens-jackets","REPLACE","44837443895545","42741842968825","MERGE","2","10364-324-0013","66.99","89.99","251","0",""
"7617849229561","womens-weather-watch-jacket","NEW Women's Weather Watch Jacket","hi-vis, light, sport, womens, womens-jackets","REPLACE","44837443928313","42741843001593","MERGE","3","10364-324-0014","66.99","89.99","492","0",""
"7617849229561","womens-weather-watch-jacket","NEW Women's Weather Watch Jacket","hi-vis, light, sport, womens, womens-jackets","REPLACE","44837443961081","42741843034361","MERGE","4","10364-324-0015","66.99","89.99","321","0",""
"7617849229561","womens-weather-watch-jacket","NEW Women's Weather Watch Jacket","hi-vis, light, sport, womens, womens-jackets","REPLACE","44837443993849","42741843067129","MERGE","5","10227-324-0016","89.99","","0","0",""
"7617849229561","womens-weather-watch-jacket","NEW Women's Weather Watch Jacket","hi-vis, light, sport, womens, womens-jackets","REPLACE","44837444026617","42741843099897","MERGE","6","10227-324-0017","89.99","","0","0",""
"7617849229561","womens-weather-watch-jacket","NEW Women's Weather Watch Jacket","hi-vis, light, sport, womens, womens-jackets","REPLACE","44837444059385","42741843132665","MERGE","7","10227-001-0012","89.99","","2","0",""
"7617849229561","womens-weather-watch-jacket","NEW Women's Weather Watch Jacket","hi-vis, light, sport, womens, womens-jackets","REPLACE","44837444092153","42741843165433","MERGE","8","10364-001-0013","66.99","89.99","24","0",""
"7617849229561","womens-weather-watch-jacket","NEW Women's Weather Watch Jacket","hi-vis, light, sport, womens, womens-jackets","REPLACE","44837444124921","42741843198201","MERGE","9","10364-001-0014","66.99","89.99","0","0",""
"7617849229561","womens-weather-watch-jacket","NEW Women's Weather Watch Jacket","hi-vis, light, sport, womens, womens-jackets","REPLACE","44837444157689","42741843230969","MERGE","10","10227-001-0015","89.99","","3","0",""
"7617849229561","womens-weather-watch-jacket","NEW Women's Weather Watch Jacket","hi-vis, light, sport, womens, womens-jackets","REPLACE","44837444190457","42741843263737","MERGE","11","10227-001-0016","89.99","","0","0",""
"7617849229561","womens-weather-watch-jacket","NEW Women's Weather Watch Jacket","hi-vis, light, sport, womens, womens-jackets","REPLACE","44837444223225","42741843296505","MERGE","12","10227-001-0017","89.99","","2","0",""
"7617849229561","womens-weather-watch-jacket","NEW Women's Weather Watch Jacket","hi-vis, light, sport, womens, womens-jackets","REPLACE","44837444255993","42741843329273","MERGE","13","10364-730-0012","66.99","89.99","60","0",""
"7617849229561","womens-weather-watch-jacket","NEW Women's Weather Watch Jacket","hi-vis, light, sport, womens, womens-jackets","REPLACE","44837444288761","42741843362041","MERGE","14","10364-730-0013","66.99","89.99","370","0",""
"7617849229561","womens-weather-watch-jacket","NEW Women's Weather Watch Jacket","hi-vis, light, sport, womens, womens-jackets","REPLACE","44837444321529","42741843394809","MERGE","15","10364-730-0014","66.99","89.99","319","0",""
"7617849229561","womens-weather-watch-jacket","NEW Women's Weather Watch Jacket","hi-vis, light, sport, womens, womens-jackets","REPLACE","44837444354297","42741843427577","MERGE","16","10364-730-0015","66.99","89.99","207","0",""
"7617849229561","womens-weather-watch-jacket","NEW Women's Weather Watch Jacket","hi-vis, light, sport, womens, womens-jackets","REPLACE","44837444387065","42741843460345","MERGE","17","10364-730-0016","66.99","89.99","121","0",""
"7617849229561","womens-weather-watch-jacket","NEW Women's Weather Watch Jacket","hi-vis, light, sport, womens, womens-jackets","REPLACE","44837444419833","42741843493113","MERGE","18","10364-730-0017","66.99","89.99","13","0",""
"7617847034105","trident-jacket","Trident Jacket","hi-vis, light, mens, mens-jackets, sport, waterproof, zip","REPLACE","46560233554169","44463298838777","MERGE","1","10359-368-0013","82.99","109.99","44","0",""
"7617847034105","trident-jacket","Trident Jacket","hi-vis, light, mens, mens-jackets, sport, waterproof, zip","REPLACE","46560233586937","44463298871545","MERGE","2","10359-368-0014","82.99","109.99","44","0",""
"7617847034105","trident-jacket","Trident Jacket","hi-vis, light, mens, mens-jackets, sport, waterproof, zip","REPLACE","46560233619705","44463298904313","MERGE","3","10359-368-0015","82.99","109.99","90","0",""
"7617847034105","trident-jacket","Trident Jacket","hi-vis, light, mens, mens-jackets, sport, waterproof, zip","REPLACE","46560233652473","44463298937081","MERGE","4","10359-368-0016","82.99","109.99","114","0",""
"7617847034105","trident-jacket","Trident Jacket","hi-vis, light, mens, mens-jackets, sport, waterproof, zip","REPLACE","46560233685241","44463298969849","MERGE","5","10359-368-0017","82.99","109.99","29","0",""
"7617847034105","trident-jacket","Trident Jacket","hi-vis, light, mens, mens-jackets, sport, waterproof, zip","REPLACE","46560233718009","44463299002617","MERGE","6","10359-368-0018","82.99","109.99","14","0",""
"7617847034105","trident-jacket","Trident Jacket","hi-vis, light, mens, mens-jackets, sport, waterproof, zip","REPLACE","47484582854905","45398319038713","MERGE","7","10359-425-0013","109.99","","0","0",""
"7617847034105","trident-jacket","Trident Jacket","hi-vis, light, mens, mens-jackets, sport, waterproof, zip","REPLACE","47484582887673","45398319071481","MERGE","8","10359-425-0014","109.99","","0","0",""
"7617847034105","trident-jacket","Trident Jacket","hi-vis, light, mens, mens-jackets, sport, waterproof, zip","REPLACE","47484582920441","45398319104249","MERGE","9","10359-425-0015","109.99","","0","0",""
"7617847034105","trident-jacket","Trident Jacket","hi-vis, light, mens, mens-jackets, sport, waterproof, zip","REPLACE","47484582953209","45398319137017","MERGE","10","10359-425-0016","109.99","","6","0",""
"7617847034105","trident-jacket","Trident Jacket","hi-vis, light, mens, mens-jackets, sport, waterproof, zip","REPLACE","47484582985977","45398319169785","MERGE","11","10359-425-0017","109.99","","0","0",""
"7617847034105","trident-jacket","Trident Jacket","hi-vis, light, mens, mens-jackets, sport, waterproof, zip","REPLACE","47484583018745","45398319202553","MERGE","12","10359-425-0018","109.99","","2","0",""
"7617847034105","trident-jacket","Trident Jacket","hi-vis, light, mens, mens-jackets, sport, waterproof, zip","REPLACE","46560233357561","44463298642169","MERGE","13","10359-481-0013","109.99","","2","0",""
"7617847034105","trident-jacket","Trident Jacket","hi-vis, light, mens, mens-jackets, sport, waterproof, zip","REPLACE","46560233390329","44463298674937","MERGE","14","10359-481-0014","109.99","","2","0",""
"7617847034105","trident-jacket","Trident Jacket","hi-vis, light, mens, mens-jackets, sport, waterproof, zip","REPLACE","46560233423097","44463298707705","MERGE","15","10359-481-0015","109.99","","2","0",""
"7617847034105","trident-jacket","Trident Jacket","hi-vis, light, mens, mens-jackets, sport, waterproof, zip","REPLACE","46560233455865","44463298740473","MERGE","16","10359-481-0016","109.99","","7","0",""
"7617847034105","trident-jacket","Trident Jacket","hi-vis, light, mens, mens-jackets, sport, waterproof, zip","REPLACE","46560233488633","44463298773241","MERGE","17","10359-481-0017","109.99","","1","0",""
"7617847034105","trident-jacket","Trident Jacket","hi-vis, light, mens, mens-jackets, sport, waterproof, zip","REPLACE","46560233521401","44463298806009","MERGE","18","10359-481-0018","109.99","","1","0",""
"7617847034105","trident-jacket","Trident Jacket","hi-vis, light, mens, mens-jackets, sport, waterproof, zip","REPLACE","44837425643769","42741824717049","MERGE","19","10359-025-0013","81.99","109.99","0","0",""
"7617847034105","trident-jacket","Trident Jacket","hi-vis, light, mens, mens-jackets, sport, waterproof, zip","REPLACE","44837425676537","42741824749817","MERGE","20","10359-025-0014","81.99","109.99","0","0",""
"7617847034105","trident-jacket","Trident Jacket","hi-vis, light, mens, mens-jackets, sport, waterproof, zip","REPLACE","44837425709305","42741824782585","MERGE","21","10359-025-0015","81.99","","0","0",""
"7617847034105","trident-jacket","Trident Jacket","hi-vis, light, mens, mens-jackets, sport, waterproof, zip","REPLACE","44837425742073","42741824815353","MERGE","22","10359-025-0016","81.99","","0","0",""
"7617847034105","trident-jacket","Trident Jacket","hi-vis, light, mens, mens-jackets, sport, waterproof, zip","REPLACE","44837425774841","42741824848121","MERGE","23","10359-025-0017","81.99","109.99","0","0",""
"7617847034105","trident-jacket","Trident Jacket","hi-vis, light, mens, mens-jackets, sport, waterproof, zip","REPLACE","44837425807609","42741824880889","MERGE","24","10359-025-0018","81.99","109.99","0","0",""
"7617847034105","trident-jacket","Trident Jacket","hi-vis, light, mens, mens-jackets, sport, waterproof, zip","REPLACE","46050583773433","43954343641337","MERGE","25","10359-621-0013","109.99","","1","0",""
"7617847034105","trident-jacket","Trident Jacket","hi-vis, light, mens, mens-jackets, sport, waterproof, zip","REPLACE","46050583806201","43954343674105","MERGE","26","10359-621-0014","109.99","","2","0",""
"7617847034105","trident-jacket","Trident Jacket","hi-vis, light, mens, mens-jackets, sport, waterproof, zip","REPLACE","46050583838969","43954343706873","MERGE","27","10359-621-0015","109.99","","0","0",""
"7617847034105","trident-jacket","Trident Jacket","hi-vis, light, mens, mens-jackets, sport, waterproof, zip","REPLACE","46050583871737","43954343739641","MERGE","28","10359-621-0016","109.99","","0","0",""
"7617847034105","trident-jacket","Trident Jacket","hi-vis, light, mens, mens-jackets, sport, waterproof, zip","REPLACE","46050583904505","43954343772409","MERGE","29","10359-621-0017","109.99","","2","0",""
"7617847034105","trident-jacket","Trident Jacket","hi-vis, light, mens, mens-jackets, sport, waterproof, zip","REPLACE","46050583937273","43954343805177","MERGE","30","10359-621-0018","109.99","","2","0",""
"7617847034105","trident-jacket","Trident Jacket","hi-vis, light, mens, mens-jackets, sport, waterproof, zip","REPLACE","44837425053945","42741824127225","MERGE","31","10359-730-0013","81.99","109.99","0","0",""
"7617847034105","trident-jacket","Trident Jacket","hi-vis, light, mens, mens-jackets, sport, waterproof, zip","REPLACE","44837425086713","42741824159993","MERGE","32","10359-730-0014","81.99","109.99","3","0",""
"7617847034105","trident-jacket","Trident Jacket","hi-vis, light, mens, mens-jackets, sport, waterproof, zip","REPLACE","44837425119481","42741824192761","MERGE","33","10359-730-0015","81.99","109.99","2","0",""
"7617847034105","trident-jacket","Trident Jacket","hi-vis, light, mens, mens-jackets, sport, waterproof, zip","REPLACE","44837425152249","42741824225529","MERGE","34","10359-730-0016","81.99","109.99","1","0",""
"7617847034105","trident-jacket","Trident Jacket","hi-vis, light, mens, mens-jackets, sport, waterproof, zip","REPLACE","44837425185017","42741824258297","MERGE","35","10359-730-0017","81.99","109.99","15","0",""
"7617847034105","trident-jacket","Trident Jacket","hi-vis, light, mens, mens-jackets, sport, waterproof, zip","REPLACE","44837425217785","42741824291065","MERGE","36","10359-730-0018","81.99","119.99","0","0",""
"7617847034105","trident-jacket","Trident Jacket","hi-vis, light, mens, mens-jackets, sport, waterproof, zip","REPLACE","44837425250553","42741824323833","MERGE","37","10359-418-0013","81.99","109.99","0","0",""
"7617847034105","trident-jacket","Trident Jacket","hi-vis, light, mens, mens-jackets, sport, waterproof, zip","REPLACE","44837425283321","42741824356601","MERGE","38","10359-418-0014","81.99","109.99","55","0",""
"7617847034105","trident-jacket","Trident Jacket","hi-vis, light, mens, mens-jackets, sport, waterproof, zip","REPLACE","44837425316089","42741824389369","MERGE","39","10359-418-0015","81.99","109.99","0","0",""
"7617847034105","trident-jacket","Trident Jacket","hi-vis, light, mens, mens-jackets, sport, waterproof, zip","REPLACE","44837425348857","42741824422137","MERGE","40","10359-418-0016","81.99","109.99","0","0",""
"7617847034105","trident-jacket","Trident Jacket","hi-vis, light, mens, mens-jackets, sport, waterproof, zip","REPLACE","44837425381625","42741824454905","MERGE","41","10359-418-0017","81.99","109.99","3","0",""
"7617847034105","trident-jacket","Trident Jacket","hi-vis, light, mens, mens-jackets, sport, waterproof, zip","REPLACE","44837425414393","42741824487673","MERGE","42","10359-418-0018","81.99","119.99","0","0",""
"7617847034105","trident-jacket","Trident Jacket","hi-vis, light, mens, mens-jackets, sport, waterproof, zip","REPLACE","44837425447161","42741824520441","MERGE","43","10359-023-0013","81.99","109.99","0","0",""
"7617847034105","trident-jacket","Trident Jacket","hi-vis, light, mens, mens-jackets, sport, waterproof, zip","REPLACE","44837425479929","42741824553209","MERGE","44","10359-023-0014","81.99","109.99","21","0",""
"7617847034105","trident-jacket","Trident Jacket","hi-vis, light, mens, mens-jackets, sport, waterproof, zip","REPLACE","44837425512697","42741824585977","MERGE","45","10359-023-0015","81.99","109.99","0","0",""
"7617847034105","trident-jacket","Trident Jacket","hi-vis, light, mens, mens-jackets, sport, waterproof, zip","REPLACE","44837425545465","42741824618745","MERGE","46","10359-023-0016","81.99","109.99","0","0",""
"7617847034105","trident-jacket","Trident Jacket","hi-vis, light, mens, mens-jackets, sport, waterproof, zip","REPLACE","44837425578233","42741824651513","MERGE","47","10359-023-0017","81.99","109.99","0","0",""
"7617847034105","trident-jacket","Trident Jacket","hi-vis, light, mens, mens-jackets, sport, waterproof, zip","REPLACE","44837425611001","42741824684281","MERGE","48","10359-023-0018","81.99","119.99","40","0",""
"7617847034105","trident-jacket","Trident Jacket","hi-vis, light, mens, mens-jackets, sport, waterproof, zip","REPLACE","45787873444089","43693442859257","MERGE","49","10359-325-0013","81.99","109.99","0","0",""
"7617847034105","trident-jacket","Trident Jacket","hi-vis, light, mens, mens-jackets, sport, waterproof, zip","REPLACE","45787873476857","43693442892025","MERGE","50","10359-325-0014","81.99","","0","0",""
"7617847034105","trident-jacket","Trident Jacket","hi-vis, light, mens, mens-jackets, sport, waterproof, zip","REPLACE","45787873509625","43693442924793","MERGE","51","10359-325-0015","81.99","","0","0",""
"7617847034105","trident-jacket","Trident Jacket","hi-vis, light, mens, mens-jackets, sport, waterproof, zip","REPLACE","45787873542393","43693442957561","MERGE","52","10359-325-0016","81.99","","0","0",""
"7617847034105","trident-jacket","Trident Jacket","hi-vis, light, mens, mens-jackets, sport, waterproof, zip","REPLACE","45787873575161","43693442990329","MERGE","53","10359-325-0017","81.99","109.99","0","0",""
"7617847034105","trident-jacket","Trident Jacket","hi-vis, light, mens, mens-jackets, sport, waterproof, zip","REPLACE","45787873607929","43693443023097","MERGE","54","10359-325-0018","81.99","119.99","0","0",""
"7617847034105","trident-jacket","Trident Jacket","hi-vis, light, mens, mens-jackets, sport, waterproof, zip","REPLACE","47484582658297","45398318842105","MERGE","55","10359-355-0013","109.99","","1","0",""
"7617847034105","trident-jacket","Trident Jacket","hi-vis, light, mens, mens-jackets, sport, waterproof, zip","REPLACE","47484582691065","45398318874873","MERGE","56","10359-355-0014","109.99","","0","0",""
"7617847034105","trident-jacket","Trident Jacket","hi-vis, light, mens, mens-jackets, sport, waterproof, zip","REPLACE","47484582723833","45398318907641","MERGE","57","10359-355-0015","109.99","","1","0",""
"7617847034105","trident-jacket","Trident Jacket","hi-vis, light, mens, mens-jackets, sport, waterproof, zip","REPLACE","47484582756601","45398318940409","MERGE","58","10359-355-0016","109.99","","0","0",""
"7617847034105","trident-jacket","Trident Jacket","hi-vis, light, mens, mens-jackets, sport, waterproof, zip","REPLACE","47484582789369","45398318973177","MERGE","59","10359-355-0017","109.99","","0","0",""
"7617847034105","trident-jacket","Trident Jacket","hi-vis, light, mens, mens-jackets, sport, waterproof, zip","REPLACE","47484582822137","45398319005945","MERGE","60","10359-355-0018","109.99","","0","0",""
"7617849327865","new-womens-weather-watch-pant","NEW Women's Weather Watch Pant","hi-vis, light, sport, womens, womens-pants","REPLACE","44837445501177","42741844574457","MERGE","1","10228-001-0012","89.99","","15","0",""
"7617849327865","new-womens-weather-watch-pant","NEW Women's Weather Watch Pant","hi-vis, light, sport, womens, womens-pants","REPLACE","44837445533945","42741844607225","MERGE","2","10228-001-0013","89.99","","5","0",""
"7617849327865","new-womens-weather-watch-pant","NEW Women's Weather Watch Pant","hi-vis, light, sport, womens, womens-pants","REPLACE","44837445566713","42741844639993","MERGE","3","10366-001-0014","63.99","84.99","0","0",""
"7617849327865","new-womens-weather-watch-pant","NEW Women's Weather Watch Pant","hi-vis, light, sport, womens, womens-pants","REPLACE","44837445599481","42741844672761","MERGE","4","10228-001-0015","89.99","","5","0",""
"7617849327865","new-womens-weather-watch-pant","NEW Women's Weather Watch Pant","hi-vis, light, sport, womens, womens-pants","REPLACE","44837445632249","42741844705529","MERGE","5","10366-001-0016","63.99","84.99","55","0",""
"7617849327865","new-womens-weather-watch-pant","NEW Women's Weather Watch Pant","hi-vis, light, sport, womens, womens-pants","REPLACE","44837445665017","42741844738297","MERGE","6","10366-001-0017","63.99","","0","0",""
"7617849327865","new-womens-weather-watch-pant","NEW Women's Weather Watch Pant","hi-vis, light, sport, womens, womens-pants","REPLACE","44837445697785","42741844771065","MERGE","7","10366-730-0012","63.99","84.99","144","0",""
"7617849327865","new-womens-weather-watch-pant","NEW Women's Weather Watch Pant","hi-vis, light, sport, womens, womens-pants","REPLACE","44837445730553","42741844803833","MERGE","8","10366-730-0013","63.99","84.99","112","0",""
"7617849327865","new-womens-weather-watch-pant","NEW Women's Weather Watch Pant","hi-vis, light, sport, womens, womens-pants","REPLACE","44837445763321","42741844836601","MERGE","9","10366-730-0014","63.99","84.99","140","0",""
"7617849327865","new-womens-weather-watch-pant","NEW Women's Weather Watch Pant","hi-vis, light, sport, womens, womens-pants","REPLACE","44837445796089","42741844869369","MERGE","10","10366-730-0015","63.99","84.99","133","0",""
"7617849327865","new-womens-weather-watch-pant","NEW Women's Weather Watch Pant","hi-vis, light, sport, womens, womens-pants","REPLACE","44837445828857","42741844902137","MERGE","11","10366-730-0016","63.99","84.99","168","0",""
"7617849327865","new-womens-weather-watch-pant","NEW Women's Weather Watch Pant","hi-vis, light, sport, womens, womens-pants","REPLACE","44837445861625","42741844934905","MERGE","12","10366-730-0017","63.99","84.99","103","0",""
"7710628970745","tech-tee-ss-bass-print-1","Tech Tee SS  - Bass Print","mens, Sale, Sale 2, short-sleeve, t-shirts, tag__hot_Sale, tech","REPLACE","45181069820153","43085514375417","MERGE","1","40097-423-0013","19.99","44.99","0","0",""
"7710628970745","tech-tee-ss-bass-print-1","Tech Tee SS  - Bass Print","mens, Sale, Sale 2, short-sleeve, t-shirts, tag__hot_Sale, tech","REPLACE","45181069852921","43085514408185","MERGE","2","40097-423-0014","15.99","34.99","0","0",""
"7710628970745","tech-tee-ss-bass-print-1","Tech Tee SS  - Bass Print","mens, Sale, Sale 2, short-sleeve, t-shirts, tag__hot_Sale, tech","REPLACE","45181069885689","43085514440953","MERGE","3","40097-423-0015","15.99","34.99","0","0",""
"7710628970745","tech-tee-ss-bass-print-1","Tech Tee SS  - Bass Print","mens, Sale, Sale 2, short-sleeve, t-shirts, tag__hot_Sale, tech","REPLACE","45181069918457","43085514473721","MERGE","4","40097-423-0016","15.99","34.99","0","0",""
"7710628970745","tech-tee-ss-bass-print-1","Tech Tee SS  - Bass Print","mens, Sale, Sale 2, short-sleeve, t-shirts, tag__hot_Sale, tech","REPLACE","45181069951225","43085514506489","MERGE","5","40097-423-0017","15.99","34.99","0","0",""
"7710628970745","tech-tee-ss-bass-print-1","Tech Tee SS  - Bass Print","mens, Sale, Sale 2, short-sleeve, t-shirts, tag__hot_Sale, tech","REPLACE","45181069983993","43085514539257","MERGE","6","40097-423-0018","15.99","34.99","0","0",""
"7700787134713","foundry-pant","Foundry Pant","","REPLACE","45146962985209","43051131797753","MERGE","1","40101-019-5030","69.99","89.99","0","0",""
"7700787134713","foundry-pant","Foundry Pant","","REPLACE","45146963017977","43051131830521","MERGE","2","40101-019-5032","69.99","89.99","0","0",""
"7700787134713","foundry-pant","Foundry Pant","","REPLACE","45146963050745","43051131863289","MERGE","3","40101-019-5034","69.99","89.99","0","0",""
"7700787134713","foundry-pant","Foundry Pant","","REPLACE","45146963083513","43051131896057","MERGE","4","40101-019-5036","69.99","89.99","0","0",""
"7700787134713","foundry-pant","Foundry Pant","","REPLACE","45146963116281","43051131928825","MERGE","5","40101-019-5038","69.99","89.99","0","0",""
"7700787134713","foundry-pant","Foundry Pant","","REPLACE","45146963149049","43051131961593","MERGE","6","40101-019-5040","69.99","89.99","0","0",""
"7700787134713","foundry-pant","Foundry Pant","","REPLACE","45146963181817","43051131994361","MERGE","7","40101-019-5042","69.99","89.99","1","0",""
"7700787134713","foundry-pant","Foundry Pant","","REPLACE","45146963214585","43051132027129","MERGE","8","40101-212-5030","69.99","89.99","0","0",""
"7700787134713","foundry-pant","Foundry Pant","","REPLACE","45146963247353","43051132059897","MERGE","9","40101-212-5032","69.99","89.99","0","0",""
"7700787134713","foundry-pant","Foundry Pant","","REPLACE","45146963280121","43051132092665","MERGE","10","40101-212-5034","69.99","89.99","0","0",""
"7700787134713","foundry-pant","Foundry Pant","","REPLACE","45146963312889","43051132125433","MERGE","11","40101-212-5036","69.99","89.99","0","0",""
"7700787134713","foundry-pant","Foundry Pant","","REPLACE","45146963345657","43051132158201","MERGE","12","40101-212-5038","69.99","89.99","0","0",""
"7700787134713","foundry-pant","Foundry Pant","","REPLACE","45146963378425","43051132190969","MERGE","13","40101-212-5040","69.99","89.99","0","0",""
"7700787134713","foundry-pant","Foundry Pant","","REPLACE","45146963411193","43051132223737","MERGE","14","40101-212-5042","69.99","89.99","0","0",""
"7617830945017","clipper-apron","Clipper Commercial Fishing Apron","apron, commercial, waterproof","REPLACE","44837232738553","42741631811833","MERGE","1","70019-800-0001","49.99","","0","0",""
"7617830945017","clipper-apron","Clipper Commercial Fishing Apron","apron, commercial, waterproof","REPLACE","44837232771321","42741631844601","MERGE","2","70019-100-0001","49.99","","0","0",""
"7701101150457","womens-fish-head-board-short","Women's Fish Head Board Short","shorts, womens","REPLACE","45148435939577","43052612059385","MERGE","1","40103-460-0012","44.99","59.99","3","0",""
"7701101150457","womens-fish-head-board-short","Women's Fish Head Board Short","shorts, womens","REPLACE","45148436005113","43052612124921","MERGE","2","40103-460-0013","44.99","59.99","17","0",""
"7701101150457","womens-fish-head-board-short","Women's Fish Head Board Short","shorts, womens","REPLACE","45148436070649","43052612190457","MERGE","3","40103-460-0014","44.99","59.99","55","0",""
"7701101150457","womens-fish-head-board-short","Women's Fish Head Board Short","shorts, womens","REPLACE","45148436136185","43052612255993","MERGE","4","40103-460-0015","44.99","59.99","86","0",""
"7701101150457","womens-fish-head-board-short","Women's Fish Head Board Short","shorts, womens","REPLACE","45148436201721","43052612354297","MERGE","5","40103-460-0016","44.99","59.99","48","0",""
"7701101150457","womens-fish-head-board-short","Women's Fish Head Board Short","shorts, womens","REPLACE","45148436267257","43052612419833","MERGE","6","40103-460-0017","44.99","59.99","59","0",""
"7701101150457","womens-fish-head-board-short","Women's Fish Head Board Short","shorts, womens","REPLACE","45148435972345","43052612092153","MERGE","7","40103-610-0012","44.99","59.99","9","0",""
"7701101150457","womens-fish-head-board-short","Women's Fish Head Board Short","shorts, womens","REPLACE","45148436037881","43052612157689","MERGE","8","40103-610-0013","44.99","59.99","49","0",""
"7701101150457","womens-fish-head-board-short","Women's Fish Head Board Short","shorts, womens","REPLACE","45148436103417","43052612223225","MERGE","9","40103-610-0014","44.99","59.99","79","0",""
"7701101150457","womens-fish-head-board-short","Women's Fish Head Board Short","shorts, womens","REPLACE","45148436168953","43052612321529","MERGE","10","40103-610-0015","44.99","59.99","94","0",""
"7701101150457","womens-fish-head-board-short","Women's Fish Head Board Short","shorts, womens","REPLACE","45148436234489","43052612387065","MERGE","11","40103-610-0016","44.99","59.99","69","0",""
"7701101150457","womens-fish-head-board-short","Women's Fish Head Board Short","shorts, womens","REPLACE","45148436300025","43052612452601","MERGE","12","40103-610-0017","44.99","59.99","61","0",""
"7617831371001","30-liter-rum-runner-backpack","RumRunner Backpack","bags, Hold","REPLACE","44837234114809","42741633188089","MERGE","1","70044-001-0001","99.99","99.99","0","0",""
"7617831698681","gage-weather-watch-hooded-jacket-juniors-hi-vis-yellow","Kid's Weather Watch Jacket","kids, Sale, Sale 2, tag__hot_Sale","REPLACE","44837236539641","42741635612921","MERGE","1","10090-730-0025","24.99","59.99","0","0",""
"7617831698681","gage-weather-watch-hooded-jacket-juniors-hi-vis-yellow","Kid's Weather Watch Jacket","kids, Sale, Sale 2, tag__hot_Sale","REPLACE","44837236572409","42741635645689","MERGE","2","10090-730-0026","24.99","59.99","0","0",""
"7617831698681","gage-weather-watch-hooded-jacket-juniors-hi-vis-yellow","Kid's Weather Watch Jacket","kids, Sale, Sale 2, tag__hot_Sale","REPLACE","44837236605177","42741635678457","MERGE","3","10090-730-0027","24.99","59.99","0","0",""
"7617831698681","gage-weather-watch-hooded-jacket-juniors-hi-vis-yellow","Kid's Weather Watch Jacket","kids, Sale, Sale 2, tag__hot_Sale","REPLACE","44837236637945","42741635711225","MERGE","4","10090-730-0028","24.99","59.99","0","0",""
"7617831698681","gage-weather-watch-hooded-jacket-juniors-hi-vis-yellow","Kid's Weather Watch Jacket","kids, Sale, Sale 2, tag__hot_Sale","REPLACE","44837236670713","42741635743993","MERGE","5","10090-730-0029","24.99","59.99","7","0",""
"7617831698681","gage-weather-watch-hooded-jacket-juniors-hi-vis-yellow","Kid's Weather Watch Jacket","kids, Sale, Sale 2, tag__hot_Sale","REPLACE","44837236703481","42741635776761","MERGE","6","10090-730-0030","24.99","59.99","0","0",""
"7617831698681","gage-weather-watch-hooded-jacket-juniors-hi-vis-yellow","Kid's Weather Watch Jacket","kids, Sale, Sale 2, tag__hot_Sale","REPLACE","44837236736249","42741635809529","MERGE","7","10090-730-0031","24.99","59.99","0","0",""
"7617831698681","gage-weather-watch-hooded-jacket-juniors-hi-vis-yellow","Kid's Weather Watch Jacket","kids, Sale, Sale 2, tag__hot_Sale","REPLACE","44837236769017","42741635842297","MERGE","8","10090-730-0032","24.99","59.99","0","0",""
"7617848967417","new-weather-watch-jacket","Weather Watch Jacket","mens, mens-jackets","REPLACE","44837441798393","42741840838905","MERGE","1","10361-001-0012","89.99","89.99","0","0",""
"7617848967417","new-weather-watch-jacket","Weather Watch Jacket","mens, mens-jackets","REPLACE","44837441831161","42741840871673","MERGE","2","10223-001-0013","89.99","","0","0",""
"7617848967417","new-weather-watch-jacket","Weather Watch Jacket","mens, mens-jackets","REPLACE","44837441863929","42741840904441","MERGE","3","10361-001-0014","89.99","89.99","0","0",""
"7617848967417","new-weather-watch-jacket","Weather Watch Jacket","mens, mens-jackets","REPLACE","44837441896697","42741840937209","MERGE","4","10361-001-0015","89.99","89.99","0","0",""
"7617848967417","new-weather-watch-jacket","Weather Watch Jacket","mens, mens-jackets","REPLACE","44837441929465","42741840969977","MERGE","5","10361-001-0016","89.99","89.99","0","0",""
"7617848967417","new-weather-watch-jacket","Weather Watch Jacket","mens, mens-jackets","REPLACE","44837441962233","42741841002745","MERGE","6","10223-001-0017","89.99","","0","0",""
"7617848967417","new-weather-watch-jacket","Weather Watch Jacket","mens, mens-jackets","REPLACE","44837441995001","42741841035513","MERGE","7","10223-001-0018","89.99","","0","0",""
"7617848967417","new-weather-watch-jacket","Weather Watch Jacket","mens, mens-jackets","REPLACE","45717288911097","43623607828729","MERGE","8","10223-001-0019","89.99","","0","0",""
"7617848967417","new-weather-watch-jacket","Weather Watch Jacket","mens, mens-jackets","REPLACE","45717289828601","43623608746233","MERGE","9","10223-001-0020","89.99","","0","0",""
"7617848967417","new-weather-watch-jacket","Weather Watch Jacket","mens, mens-jackets","REPLACE","44837442027769","42741841068281","MERGE","10","10223-420-0012","89.99","","1","0",""
"7617848967417","new-weather-watch-jacket","Weather Watch Jacket","mens, mens-jackets","REPLACE","44837442060537","42741841101049","MERGE","11","10223-420-0013","89.99","","0","0",""
"7617848967417","new-weather-watch-jacket","Weather Watch Jacket","mens, mens-jackets","REPLACE","44837442093305","42741841133817","MERGE","12","10223-420-0014","89.99","","0","0",""
"7617848967417","new-weather-watch-jacket","Weather Watch Jacket","mens, mens-jackets","REPLACE","44837442126073","42741841166585","MERGE","13","10223-420-0015","89.99","","0","0",""
"7617848967417","new-weather-watch-jacket","Weather Watch Jacket","mens, mens-jackets","REPLACE","44837442158841","42741841199353","MERGE","14","10223-420-0016","89.99","","0","0",""
"7617848967417","new-weather-watch-jacket","Weather Watch Jacket","mens, mens-jackets","REPLACE","44837442191609","42741841232121","MERGE","15","10223-420-0017","89.99","","0","0",""
"7617848967417","new-weather-watch-jacket","Weather Watch Jacket","mens, mens-jackets","REPLACE","44837442224377","42741841264889","MERGE","16","10223-420-0018","89.99","","0","0",""
"7617848967417","new-weather-watch-jacket","Weather Watch Jacket","mens, mens-jackets","REPLACE","45717290549497","43623609467129","MERGE","17","10223-420-0019","89.99","94.99","0","0",""
"7617848967417","new-weather-watch-jacket","Weather Watch Jacket","mens, mens-jackets","REPLACE","45717290811641","43623609729273","MERGE","18","10223-420-0020","89.99","94.99","0","0",""
"7617848967417","new-weather-watch-jacket","Weather Watch Jacket","mens, mens-jackets","REPLACE","46560312099065","44463377383673","MERGE","19","10361-368-0012","89.99","89.99","0","0",""
"7617848967417","new-weather-watch-jacket","Weather Watch Jacket","mens, mens-jackets","REPLACE","46560312131833","44463377416441","MERGE","20","10361-368-0013","89.99","89.99","0","0",""
"7617848967417","new-weather-watch-jacket","Weather Watch Jacket","mens, mens-jackets","REPLACE","46560312164601","44463377449209","MERGE","21","10361-368-0014","89.99","89.99","0","0",""
"7617848967417","new-weather-watch-jacket","Weather Watch Jacket","mens, mens-jackets","REPLACE","46560312197369","44463377481977","MERGE","22","10361-368-0015","89.99","89.99","0","0",""
"7617848967417","new-weather-watch-jacket","Weather Watch Jacket","mens, mens-jackets","REPLACE","46560312230137","44463377514745","MERGE","23","10361-368-0016","89.99","89.99","0","0",""
"7617848967417","new-weather-watch-jacket","Weather Watch Jacket","mens, mens-jackets","REPLACE","46560312262905","44463377547513","MERGE","24","10361-368-0017","89.99","89.99","0","0",""
"7617848967417","new-weather-watch-jacket","Weather Watch Jacket","mens, mens-jackets","REPLACE","46560312295673","44463377580281","MERGE","25","10361-368-0018","89.99","94.99","0","0",""
"7617848967417","new-weather-watch-jacket","Weather Watch Jacket","mens, mens-jackets","REPLACE","46560312328441","44463377613049","MERGE","26","10223-368-0019","89.99","94.99","0","0",""
"7617848967417","new-weather-watch-jacket","Weather Watch Jacket","mens, mens-jackets","REPLACE","46560312361209","44463377645817","MERGE","27","10223-368-0020","89.99","94.99","0","0",""
"7617848967417","new-weather-watch-jacket","Weather Watch Jacket","mens, mens-jackets","REPLACE","46560312393977","44463377678585","MERGE","28","10223-418-0012","89.99","","2","0",""
"7617848967417","new-weather-watch-jacket","Weather Watch Jacket","mens, mens-jackets","REPLACE","46560312426745","44463377711353","MERGE","29","10223-418-0013","89.99","","0","0",""
"7617848967417","new-weather-watch-jacket","Weather Watch Jacket","mens, mens-jackets","REPLACE","46560312459513","44463377744121","MERGE","30","10223-418-0014","89.99","","0","0",""
"7617848967417","new-weather-watch-jacket","Weather Watch Jacket","mens, mens-jackets","REPLACE","46560312492281","44463377776889","MERGE","31","10223-418-0015","89.99","","0","0",""
"7617848967417","new-weather-watch-jacket","Weather Watch Jacket","mens, mens-jackets","REPLACE","46560312525049","44463377809657","MERGE","32","10223-418-0016","89.99","","0","0",""
"7617848967417","new-weather-watch-jacket","Weather Watch Jacket","mens, mens-jackets","REPLACE","46560312557817","44463377842425","MERGE","33","10223-418-0017","89.99","","2","0",""
"7617848967417","new-weather-watch-jacket","Weather Watch Jacket","mens, mens-jackets","REPLACE","46560312590585","44463377875193","MERGE","34","10223-418-0018","89.99","","5","0",""
"7617848967417","new-weather-watch-jacket","Weather Watch Jacket","mens, mens-jackets","REPLACE","46560312623353","44463377907961","MERGE","35","10223-418-0019","89.99","94.99","0","0",""
"7617848967417","new-weather-watch-jacket","Weather Watch Jacket","mens, mens-jackets","REPLACE","46560312656121","44463377940729","MERGE","36","10223-418-0020","89.99","94.99","0","0",""
"7617848967417","new-weather-watch-jacket","Weather Watch Jacket","mens, mens-jackets","REPLACE","44837442257145","42741841297657","MERGE","37","10223-730-0012","89.99","","2","0",""
"7617848967417","new-weather-watch-jacket","Weather Watch Jacket","mens, mens-jackets","REPLACE","44837442289913","42741841330425","MERGE","38","10223-730-0013","89.99","","1","0",""
"7617848967417","new-weather-watch-jacket","Weather Watch Jacket","mens, mens-jackets","REPLACE","44837442322681","42741841363193","MERGE","39","10223-730-0014","89.99","","3","0",""
"7617848967417","new-weather-watch-jacket","Weather Watch Jacket","mens, mens-jackets","REPLACE","44837442355449","42741841395961","MERGE","40","10223-730-0015","89.99","","10","0",""
"7617848967417","new-weather-watch-jacket","Weather Watch Jacket","mens, mens-jackets","REPLACE","44837442388217","42741841461497","MERGE","41","10223-730-0016","89.99","","4","0",""
"7617848967417","new-weather-watch-jacket","Weather Watch Jacket","mens, mens-jackets","REPLACE","44837442420985","42741841494265","MERGE","42","10223-730-0017","89.99","","5","0",""
"7617848967417","new-weather-watch-jacket","Weather Watch Jacket","mens, mens-jackets","REPLACE","44837442453753","42741841527033","MERGE","43","10223-730-0018","89.99","","1","0",""
"7617848967417","new-weather-watch-jacket","Weather Watch Jacket","mens, mens-jackets","REPLACE","45717292613881","43623611531513","MERGE","44","10223-730-0019","89.99","94.99","0","0",""
"7617848967417","new-weather-watch-jacket","Weather Watch Jacket","mens, mens-jackets","REPLACE","45717293596921","43623612350713","MERGE","45","10223-730-0020","89.99","94.99","0","0",""
"7617848967417","new-weather-watch-jacket","Weather Watch Jacket","mens, mens-jackets","REPLACE","46560312688889","44463377973497","MERGE","46","10223-621-0012","89.99","","6","0",""
"7617848967417","new-weather-watch-jacket","Weather Watch Jacket","mens, mens-jackets","REPLACE","46560312721657","44463378006265","MERGE","47","10223-621-0013","89.99","","2","0",""
"7617848967417","new-weather-watch-jacket","Weather Watch Jacket","mens, mens-jackets","REPLACE","46560312754425","44463378039033","MERGE","48","10223-621-0014","89.99","","6","0",""
"7617848967417","new-weather-watch-jacket","Weather Watch Jacket","mens, mens-jackets","REPLACE","46560312787193","44463378071801","MERGE","49","10361-621-0015","89.99","89.99","0","0",""
"7617848967417","new-weather-watch-jacket","Weather Watch Jacket","mens, mens-jackets","REPLACE","46560312819961","44463378104569","MERGE","50","10223-621-0016","89.99","","0","0",""
"7617848967417","new-weather-watch-jacket","Weather Watch Jacket","mens, mens-jackets","REPLACE","46560312852729","44463378137337","MERGE","51","10223-621-0017","89.99","","6","0",""
"7617848967417","new-weather-watch-jacket","Weather Watch Jacket","mens, mens-jackets","REPLACE","46560312885497","44463378170105","MERGE","52","10223-621-0018","89.99","","3","0",""
"7617848967417","new-weather-watch-jacket","Weather Watch Jacket","mens, mens-jackets","REPLACE","46560312918265","44463378202873","MERGE","53","10223-621-0019","89.99","94.99","0","0",""
"7617848967417","new-weather-watch-jacket","Weather Watch Jacket","mens, mens-jackets","REPLACE","46560312951033","44463378235641","MERGE","54","10223-621-0020","89.99","94.99","0","0",""
"7617831731449","gage-weather-watch-pant-juniors-hi-vis-yellow","Kid's Weather Watch Pants","kids, Sale, Sale 2, tag__hot_Sale","REPLACE","44837236801785","42741635875065","MERGE","1","10088-730-0025","24.99","59.99","51","0","true"
"7617831731449","gage-weather-watch-pant-juniors-hi-vis-yellow","Kid's Weather Watch Pants","kids, Sale, Sale 2, tag__hot_Sale","REPLACE","44837236834553","42741635907833","MERGE","2","10088-730-0026","24.99","59.99","18","0","true"
"7617831731449","gage-weather-watch-pant-juniors-hi-vis-yellow","Kid's Weather Watch Pants","kids, Sale, Sale 2, tag__hot_Sale","REPLACE","44837236867321","42741635940601","MERGE","3","10088-730-0027","24.99","59.99","0","0","true"
"7617831731449","gage-weather-watch-pant-juniors-hi-vis-yellow","Kid's Weather Watch Pants","kids, Sale, Sale 2, tag__hot_Sale","REPLACE","44837236900089","42741635973369","MERGE","4","10088-730-0028","24.99","59.99","0","0","true"
"7617831731449","gage-weather-watch-pant-juniors-hi-vis-yellow","Kid's Weather Watch Pants","kids, Sale, Sale 2, tag__hot_Sale","REPLACE","44837236932857","42741636006137","MERGE","5","10088-730-0029","24.99","59.99","0","0","true"
"7617831731449","gage-weather-watch-pant-juniors-hi-vis-yellow","Kid's Weather Watch Pants","kids, Sale, Sale 2, tag__hot_Sale","REPLACE","44837236965625","42741636038905","MERGE","6","10088-730-0030","24.99","59.99","0","0","true"
"7617831731449","gage-weather-watch-pant-juniors-hi-vis-yellow","Kid's Weather Watch Pants","kids, Sale, Sale 2, tag__hot_Sale","REPLACE","44837236998393","42741636071673","MERGE","7","10088-730-0031","24.99","59.99","0","0","true"
"7617831731449","gage-weather-watch-pant-juniors-hi-vis-yellow","Kid's Weather Watch Pants","kids, Sale, Sale 2, tag__hot_Sale","REPLACE","44837237031161","42741636104441","MERGE","8","10088-730-0032","24.99","59.99","0","0","true"
"7617831796985","zenith-117-bib-pants","Kid's Zenith 117 Bibs","kids, Sale, Sale 2, tag__hot_Sale","REPLACE","44837237457145","42741636366585","MERGE","1","10018-410-0028","79.99","","0","0",""
"7617831796985","zenith-117-bib-pants","Kid's Zenith 117 Bibs","kids, Sale, Sale 2, tag__hot_Sale","REPLACE","44837237489913","42741636399353","MERGE","2","10018-410-0029","79.99","","5","0",""
"7617831796985","zenith-117-bib-pants","Kid's Zenith 117 Bibs","kids, Sale, Sale 2, tag__hot_Sale","REPLACE","44837237522681","42741636432121","MERGE","3","10018-410-0030","79.99","","10","0",""
"7617831796985","zenith-117-bib-pants","Kid's Zenith 117 Bibs","kids, Sale, Sale 2, tag__hot_Sale","REPLACE","44837237555449","42741636464889","MERGE","4","10018-410-0031","79.99","","0","0",""
"7617831796985","zenith-117-bib-pants","Kid's Zenith 117 Bibs","kids, Sale, Sale 2, tag__hot_Sale","REPLACE","44837237588217","42741636497657","MERGE","5","10018-410-0032","79.99","","0","0",""
"7617831796985","zenith-117-bib-pants","Kid's Zenith 117 Bibs","kids, Sale, Sale 2, tag__hot_Sale","REPLACE","44837237620985","42741636530425","MERGE","6","10018-800-0028","79.99","","32","0",""
"7617831796985","zenith-117-bib-pants","Kid's Zenith 117 Bibs","kids, Sale, Sale 2, tag__hot_Sale","REPLACE","44837237653753","42741636563193","MERGE","7","10018-800-0029","79.99","","39","0",""
"7617831796985","zenith-117-bib-pants","Kid's Zenith 117 Bibs","kids, Sale, Sale 2, tag__hot_Sale","REPLACE","44837237686521","42741636595961","MERGE","8","10018-800-0030","79.99","","30","0",""
"7617831796985","zenith-117-bib-pants","Kid's Zenith 117 Bibs","kids, Sale, Sale 2, tag__hot_Sale","REPLACE","44837237719289","42741636628729","MERGE","9","10018-800-0031","79.99","","7","0",""
"7617831796985","zenith-117-bib-pants","Kid's Zenith 117 Bibs","kids, Sale, Sale 2, tag__hot_Sale","REPLACE","44837237752057","42741636661497","MERGE","10","10018-800-0032","79.99","","5","0",""
"7617831403769","sandhamn-21","Sandhamn 21 Fishing Hat","hats","REPLACE","44837234278649","42741633351929","MERGE","1","70021-300-0013","59.99","","6","0",""
"7617831403769","sandhamn-21","Sandhamn 21 Fishing Hat","hats","REPLACE","44837234311417","42741633384697","MERGE","2","70021-300-0014","59.99","","19","0",""
"7617831403769","sandhamn-21","Sandhamn 21 Fishing Hat","hats","REPLACE","44837234344185","42741633417465","MERGE","3","70021-300-0015","59.99","","33","0",""
"7617831403769","sandhamn-21","Sandhamn 21 Fishing Hat","hats","REPLACE","44837234376953","42741633450233","MERGE","4","70021-300-0016","59.99","","22","0",""
"7617831403769","sandhamn-21","Sandhamn 21 Fishing Hat","hats","REPLACE","44837234409721","42741633483001","MERGE","5","70021-800-0013","59.99","","1","0",""
"7617831403769","sandhamn-21","Sandhamn 21 Fishing Hat","hats","REPLACE","44837234442489","42741633515769","MERGE","6","70021-800-0014","59.99","","0","0",""
"7617831403769","sandhamn-21","Sandhamn 21 Fishing Hat","hats","REPLACE","44837234475257","42741633548537","MERGE","7","70021-800-0015","59.99","","3","0",""
"7617831403769","sandhamn-21","Sandhamn 21 Fishing Hat","hats","REPLACE","44837234508025","42741633581305","MERGE","8","70021-800-0016","59.99","","2","0",""
"7617831403769","sandhamn-21","Sandhamn 21 Fishing Hat","hats","REPLACE","44837234802937","42741633876217","MERGE","9","70021-700-0013","59.99","","25","0",""
"7617831403769","sandhamn-21","Sandhamn 21 Fishing Hat","hats","REPLACE","44837234835705","42741633908985","MERGE","10","70021-700-0014","59.99","","19","0",""
"7617831403769","sandhamn-21","Sandhamn 21 Fishing Hat","hats","REPLACE","44837234868473","42741633941753","MERGE","11","70021-700-0015","59.99","","24","0",""
"7617831403769","sandhamn-21","Sandhamn 21 Fishing Hat","hats","REPLACE","44837234901241","42741633974521","MERGE","12","70021-700-0016","59.99","","3","0",""
"7617831403769","sandhamn-21","Sandhamn 21 Fishing Hat","hats","REPLACE","44837234540793","42741633614073","MERGE","13","70021-323-0013","42.99","56.99","107","0",""
"7617831403769","sandhamn-21","Sandhamn 21 Fishing Hat","hats","REPLACE","44837234573561","42741633646841","MERGE","14","70021-323-0014","42.99","56.99","46","0",""
"7617831403769","sandhamn-21","Sandhamn 21 Fishing Hat","hats","REPLACE","44837234606329","42741633679609","MERGE","15","70021-323-0015","42.99","56.99","596","0",""
"7617831403769","sandhamn-21","Sandhamn 21 Fishing Hat","hats","REPLACE","44837234639097","42741633712377","MERGE","16","70021-323-0016","42.99","","0","0",""
"7617831403769","sandhamn-21","Sandhamn 21 Fishing Hat","hats","REPLACE","44837234147577","42741633220857","MERGE","17","70021-001-0013","59.99","","13","0",""
"7617831403769","sandhamn-21","Sandhamn 21 Fishing Hat","hats","REPLACE","44837234180345","42741633253625","MERGE","18","70021-001-0014","59.99","","48","0",""
"7617831403769","sandhamn-21","Sandhamn 21 Fishing Hat","hats","REPLACE","44837234213113","42741633286393","MERGE","19","70021-001-0015","59.99","","24","0",""
"7617831403769","sandhamn-21","Sandhamn 21 Fishing Hat","hats","REPLACE","44837234245881","42741633319161","MERGE","20","70021-001-0016","59.99","","8","0",""
"7617831403769","sandhamn-21","Sandhamn 21 Fishing Hat","hats","REPLACE","44837234671865","42741633745145","MERGE","21","70021-100-0013","42.99","56.99","0","0",""
"7617831403769","sandhamn-21","Sandhamn 21 Fishing Hat","hats","REPLACE","44837234704633","42741633777913","MERGE","22","70021-100-0014","42.99","","0","0",""
"7617831403769","sandhamn-21","Sandhamn 21 Fishing Hat","hats","REPLACE","44837234737401","42741633810681","MERGE","23","70021-100-0015","42.99","","0","0",""
"7617831403769","sandhamn-21","Sandhamn 21 Fishing Hat","hats","REPLACE","44837234770169","42741633843449","MERGE","24","70021-100-0016","42.99","","0","0",""
"7617831862521","zenith-282-hooded-parkas","Kid's Zenith 282 Jacket","kids, Sale, Sale 2, tag__hot_Sale","REPLACE","44837237883129","42741636956409","MERGE","1","10017-410-0031","79.99","","0","0",""
"7617831862521","zenith-282-hooded-parkas","Kid's Zenith 282 Jacket","kids, Sale, Sale 2, tag__hot_Sale","REPLACE","44837237915897","42741636989177","MERGE","2","10017-410-0032","79.99","","0","0",""
"7617831862521","zenith-282-hooded-parkas","Kid's Zenith 282 Jacket","kids, Sale, Sale 2, tag__hot_Sale","REPLACE","44837238046969","42741637120249","MERGE","3","10017-800-0031","79.99","","0","0",""
"7617831862521","zenith-282-hooded-parkas","Kid's Zenith 282 Jacket","kids, Sale, Sale 2, tag__hot_Sale","REPLACE","44837238079737","42741637153017","MERGE","4","10017-800-0032","79.99","","20","0",""
"7617833599225","sedna-462-hooded-jacket","Women's Sedna 462 Jacket","mens, mens-jackets","REPLACE","44837255348473","42741654421753","MERGE","1","10064-800-0012","204.99","","2","0",""
"7617833599225","sedna-462-hooded-jacket","Women's Sedna 462 Jacket","mens, mens-jackets","REPLACE","44837255381241","42741654454521","MERGE","2","10064-800-0013","204.99","","3","0",""
"7617833599225","sedna-462-hooded-jacket","Women's Sedna 462 Jacket","mens, mens-jackets","REPLACE","44837255414009","42741654487289","MERGE","3","10064-800-0014","204.99","","15","0",""
"7617833599225","sedna-462-hooded-jacket","Women's Sedna 462 Jacket","mens, mens-jackets","REPLACE","44837255446777","42741654520057","MERGE","4","10064-800-0015","204.99","","3","0",""
"7617833599225","sedna-462-hooded-jacket","Women's Sedna 462 Jacket","mens, mens-jackets","REPLACE","44837255479545","42741654552825","MERGE","5","10064-800-0016","204.99","","2","0",""
"7617833599225","sedna-462-hooded-jacket","Women's Sedna 462 Jacket","mens, mens-jackets","REPLACE","44837255512313","42741654585593","MERGE","6","10064-800-0017","204.99","","1","0",""
"7617830519033","clipper-82-parka","Clipper 82 Jacket","commercial, heavy, mens, mens-jackets, snap, waterproof","REPLACE","44837230215417","42741629288697","MERGE","1","10053-800-0012","144.99","","1","0",""
"7617830519033","clipper-82-parka","Clipper 82 Jacket","commercial, heavy, mens, mens-jackets, snap, waterproof","REPLACE","44837230248185","42741629321465","MERGE","2","10053-800-0013","144.99","","1","0",""
"7617830519033","clipper-82-parka","Clipper 82 Jacket","commercial, heavy, mens, mens-jackets, snap, waterproof","REPLACE","44837230280953","42741629354233","MERGE","3","10053-800-0014","144.99","","3","0",""
"7617830519033","clipper-82-parka","Clipper 82 Jacket","commercial, heavy, mens, mens-jackets, snap, waterproof","REPLACE","44837230313721","42741629387001","MERGE","4","10053-800-0015","144.99","","4","0",""
"7617830519033","clipper-82-parka","Clipper 82 Jacket","commercial, heavy, mens, mens-jackets, snap, waterproof","REPLACE","44837230346489","42741629419769","MERGE","5","10053-800-0016","144.99","","3","0",""
"7617830519033","clipper-82-parka","Clipper 82 Jacket","commercial, heavy, mens, mens-jackets, snap, waterproof","REPLACE","44837230379257","42741629452537","MERGE","6","10053-800-0017","144.99","","12","0",""
"7617830519033","clipper-82-parka","Clipper 82 Jacket","commercial, heavy, mens, mens-jackets, snap, waterproof","REPLACE","44837230412025","42741629485305","MERGE","7","10053-800-0018","144.99","","5","0",""
"7617830519033","clipper-82-parka","Clipper 82 Jacket","commercial, heavy, mens, mens-jackets, snap, waterproof","REPLACE","44837230444793","42741629518073","MERGE","8","10053-800-0019","144.99","","1","0",""
"7617830519033","clipper-82-parka","Clipper 82 Jacket","commercial, heavy, mens, mens-jackets, snap, waterproof","REPLACE","44837230477561","42741629550841","MERGE","9","10053-800-0020","144.99","","2","0",""
"7617830519033","clipper-82-parka","Clipper 82 Jacket","commercial, heavy, mens, mens-jackets, snap, waterproof","REPLACE","44837230510329","42741629583609","MERGE","10","10053-100-0012","144.99","","2","0",""
"7617830519033","clipper-82-parka","Clipper 82 Jacket","commercial, heavy, mens, mens-jackets, snap, waterproof","REPLACE","44837230543097","42741629616377","MERGE","11","10053-100-0013","144.99","","11","0",""
"7617830519033","clipper-82-parka","Clipper 82 Jacket","commercial, heavy, mens, mens-jackets, snap, waterproof","REPLACE","44837230575865","42741629649145","MERGE","12","10053-100-0014","144.99","","4","0",""
"7617830519033","clipper-82-parka","Clipper 82 Jacket","commercial, heavy, mens, mens-jackets, snap, waterproof","REPLACE","44837230608633","42741629681913","MERGE","13","10053-100-0015","144.99","","3","0",""
"7617830519033","clipper-82-parka","Clipper 82 Jacket","commercial, heavy, mens, mens-jackets, snap, waterproof","REPLACE","44837230641401","42741629714681","MERGE","14","10053-100-0016","144.99","","3","0",""
"7617830519033","clipper-82-parka","Clipper 82 Jacket","commercial, heavy, mens, mens-jackets, snap, waterproof","REPLACE","44837230674169","42741629747449","MERGE","15","10053-100-0017","144.99","","13","0",""
"7617830519033","clipper-82-parka","Clipper 82 Jacket","commercial, heavy, mens, mens-jackets, snap, waterproof","REPLACE","44837230706937","42741629780217","MERGE","16","10053-100-0018","144.99","","12","0",""
"7617830519033","clipper-82-parka","Clipper 82 Jacket","commercial, heavy, mens, mens-jackets, snap, waterproof","REPLACE","44837230739705","42741629812985","MERGE","17","10053-100-0019","144.99","","7","0",""
"7617830519033","clipper-82-parka","Clipper 82 Jacket","commercial, heavy, mens, mens-jackets, snap, waterproof","REPLACE","44837230772473","42741629845753","MERGE","18","10053-100-0020","144.99","","0","0",""
"7617830519033","clipper-82-parka","Clipper 82 Jacket","commercial, heavy, mens, mens-jackets, snap, waterproof","REPLACE","44837230805241","42741629878521","MERGE","19","10053-700-0012","144.99","134.99","24","0",""
"7617830519033","clipper-82-parka","Clipper 82 Jacket","commercial, heavy, mens, mens-jackets, snap, waterproof","REPLACE","44837230838009","42741629911289","MERGE","20","10053-700-0013","144.99","134.99","0","0",""
"7617830519033","clipper-82-parka","Clipper 82 Jacket","commercial, heavy, mens, mens-jackets, snap, waterproof","REPLACE","45717141225721","43623460405497","MERGE","21","10053-700-0014","144.99","134.99","0","0",""
"7617830519033","clipper-82-parka","Clipper 82 Jacket","commercial, heavy, mens, mens-jackets, snap, waterproof","REPLACE","45717141520633","43623460700409","MERGE","22","10053-700-0015","144.99","134.99","0","0",""
"7617830519033","clipper-82-parka","Clipper 82 Jacket","commercial, heavy, mens, mens-jackets, snap, waterproof","REPLACE","45717141651705","43623460831481","MERGE","23","10053-700-0016","144.99","134.99","0","0",""
"7617830519033","clipper-82-parka","Clipper 82 Jacket","commercial, heavy, mens, mens-jackets, snap, waterproof","REPLACE","44837230969081","42741630042361","MERGE","24","10053-700-0017","144.99","134.99","63","0",""
"7617830519033","clipper-82-parka","Clipper 82 Jacket","commercial, heavy, mens, mens-jackets, snap, waterproof","REPLACE","44837231001849","42741630075129","MERGE","25","10053-700-0018","144.99","144.99","24","0",""
"7617830519033","clipper-82-parka","Clipper 82 Jacket","commercial, heavy, mens, mens-jackets, snap, waterproof","REPLACE","44837231034617","42741630107897","MERGE","26","10053-700-0019","144.99","144.99","55","0",""
"7617830519033","clipper-82-parka","Clipper 82 Jacket","commercial, heavy, mens, mens-jackets, snap, waterproof","REPLACE","44837231067385","42741630140665","MERGE","27","10053-700-0020","144.99","144.99","66","0",""
"7617830519033","clipper-82-parka","Clipper 82 Jacket","commercial, heavy, mens, mens-jackets, snap, waterproof","REPLACE","44837229920505","42741628993785","MERGE","28","10053-300-0012","144.99","134.99","7","0",""
"7617830519033","clipper-82-parka","Clipper 82 Jacket","commercial, heavy, mens, mens-jackets, snap, waterproof","REPLACE","45717138931961","43623458111737","MERGE","29","10053-300-0013","144.99","134.99","0","0",""
"7617830519033","clipper-82-parka","Clipper 82 Jacket","commercial, heavy, mens, mens-jackets, snap, waterproof","REPLACE","45717139063033","43623458242809","MERGE","30","10053-300-0014","144.99","134.99","0","0",""
"7617830519033","clipper-82-parka","Clipper 82 Jacket","commercial, heavy, mens, mens-jackets, snap, waterproof","REPLACE","45717139194105","43623458373881","MERGE","31","10053-300-0015","144.99","134.99","0","0",""
"7617830519033","clipper-82-parka","Clipper 82 Jacket","commercial, heavy, mens, mens-jackets, snap, waterproof","REPLACE","45717139947769","43623459127545","MERGE","32","10053-300-0016","144.99","134.99","0","0",""
"7617830519033","clipper-82-parka","Clipper 82 Jacket","commercial, heavy, mens, mens-jackets, snap, waterproof","REPLACE","45717140898041","43623460077817","MERGE","33","10053-300-0017","144.99","134.99","0","0",""
"7617830519033","clipper-82-parka","Clipper 82 Jacket","commercial, heavy, mens, mens-jackets, snap, waterproof","REPLACE","44837230117113","42741629190393","MERGE","34","10053-300-0018","144.99","144.99","22","0",""
"7617830519033","clipper-82-parka","Clipper 82 Jacket","commercial, heavy, mens, mens-jackets, snap, waterproof","REPLACE","44837230149881","42741629223161","MERGE","35","10053-300-0019","144.99","129.99","0","0",""
"7617830519033","clipper-82-parka","Clipper 82 Jacket","commercial, heavy, mens, mens-jackets, snap, waterproof","REPLACE","44837230182649","42741629255929","MERGE","36","10053-300-0020","144.99","129.99","28","0",""
"7617833664761","sedna-510-bib-trouser","Women's Sedna 510 Bib","","REPLACE","44837255676153","42741654749433","MERGE","1","10066-800-0012","174.99","","1","0",""
"7617833664761","sedna-510-bib-trouser","Women's Sedna 510 Bib","","REPLACE","44837255708921","42741654782201","MERGE","2","10066-800-0013","174.99","","3","0",""
"7617833664761","sedna-510-bib-trouser","Women's Sedna 510 Bib","","REPLACE","44837255741689","42741654814969","MERGE","3","10066-800-0014","174.99","","1","0",""
"7617833664761","sedna-510-bib-trouser","Women's Sedna 510 Bib","","REPLACE","44837255774457","42741654847737","MERGE","4","10066-800-0015","174.99","","0","0",""
"7617833664761","sedna-510-bib-trouser","Women's Sedna 510 Bib","","REPLACE","44837255807225","42741654880505","MERGE","5","10066-800-0016","174.99","","11","0",""
"7617833664761","sedna-510-bib-trouser","Women's Sedna 510 Bib","","REPLACE","44837255839993","42741654913273","MERGE","6","10066-800-0017","174.99","","9","0",""
"7617832386809","gage-weather-watch-pants","Weather Watch Fishing Pants","light, mens, mens-pants, Sale, Sale 2, sport, tag__hot_Sale, waterproof","REPLACE","44837243879673","42741642952953","MERGE","1","10020-730-0013","29.99","69.99","0","0",""
"7617832386809","gage-weather-watch-pants","Weather Watch Fishing Pants","light, mens, mens-pants, Sale, Sale 2, sport, tag__hot_Sale, waterproof","REPLACE","44837243912441","42741642985721","MERGE","2","10020-730-0014","29.99","69.99","0","0",""
"7617832386809","gage-weather-watch-pants","Weather Watch Fishing Pants","light, mens, mens-pants, Sale, Sale 2, sport, tag__hot_Sale, waterproof","REPLACE","44837243945209","42741643018489","MERGE","3","10020-730-0015","29.99","69.99","0","0",""
"7617832386809","gage-weather-watch-pants","Weather Watch Fishing Pants","light, mens, mens-pants, Sale, Sale 2, sport, tag__hot_Sale, waterproof","REPLACE","44837243977977","42741643051257","MERGE","4","10020-730-0016","29.99","69.99","0","0",""
"7617832386809","gage-weather-watch-pants","Weather Watch Fishing Pants","light, mens, mens-pants, Sale, Sale 2, sport, tag__hot_Sale, waterproof","REPLACE","44837244010745","42741643084025","MERGE","5","10020-730-0017","29.99","69.99","0","0",""
"7617832386809","gage-weather-watch-pants","Weather Watch Fishing Pants","light, mens, mens-pants, Sale, Sale 2, sport, tag__hot_Sale, waterproof","REPLACE","44837244043513","42741643116793","MERGE","6","10020-730-0018","29.99","69.99","0","0",""
"7617832386809","gage-weather-watch-pants","Weather Watch Fishing Pants","light, mens, mens-pants, Sale, Sale 2, sport, tag__hot_Sale, waterproof","REPLACE","44837244109049","42741643182329","MERGE","7","10020-730-0020","29.99","69.99","0","0",""
"7617832386809","gage-weather-watch-pants","Weather Watch Fishing Pants","light, mens, mens-pants, Sale, Sale 2, sport, tag__hot_Sale, waterproof","REPLACE","47377491558649","45286710182137","MERGE","8","10020-001-0013","29.99","69.99","0","0",""
"7617832386809","gage-weather-watch-pants","Weather Watch Fishing Pants","light, mens, mens-pants, Sale, Sale 2, sport, tag__hot_Sale, waterproof","REPLACE","47377491591417","45286710214905","MERGE","9","10020-001-0014","29.99","69.99","1","0",""
"7617832386809","gage-weather-watch-pants","Weather Watch Fishing Pants","light, mens, mens-pants, Sale, Sale 2, sport, tag__hot_Sale, waterproof","REPLACE","47377491624185","45286710247673","MERGE","10","10020-001-0015","29.99","69.99","0","0",""
"7617832386809","gage-weather-watch-pants","Weather Watch Fishing Pants","light, mens, mens-pants, Sale, Sale 2, sport, tag__hot_Sale, waterproof","REPLACE","47377491656953","45286710280441","MERGE","11","10020-001-0016","29.99","69.99","1","0",""
"7617832386809","gage-weather-watch-pants","Weather Watch Fishing Pants","light, mens, mens-pants, Sale, Sale 2, sport, tag__hot_Sale, waterproof","REPLACE","47377491689721","45286710313209","MERGE","12","10020-001-0017","29.99","69.99","0","0",""
"7617832386809","gage-weather-watch-pants","Weather Watch Fishing Pants","light, mens, mens-pants, Sale, Sale 2, sport, tag__hot_Sale, waterproof","REPLACE","47377491722489","45286710345977","MERGE","13","10020-001-0018","29.99","69.99","0","0",""
"7617832386809","gage-weather-watch-pants","Weather Watch Fishing Pants","light, mens, mens-pants, Sale, Sale 2, sport, tag__hot_Sale, waterproof","REPLACE","47377491755257","45286710378745","MERGE","14","10020-001-0020","29.99","69.99","0","0",""
"7617833697529","neptune-103-anorak-jacket","Neptune Anorak","commercial, hi-vis, medium, mens, mens-jackets, pull-over, Sale, Sale 2, sport, tag__hot_Sale, waterproof","REPLACE","44837255872761","42741654946041","MERGE","1","10081-730-0012","109.99","","12","0",""
"7617833697529","neptune-103-anorak-jacket","Neptune Anorak","commercial, hi-vis, medium, mens, mens-jackets, pull-over, Sale, Sale 2, sport, tag__hot_Sale, waterproof","REPLACE","44837255905529","42741654978809","MERGE","2","10081-730-0013","109.99","","6","0",""
"7617833697529","neptune-103-anorak-jacket","Neptune Anorak","commercial, hi-vis, medium, mens, mens-jackets, pull-over, Sale, Sale 2, sport, tag__hot_Sale, waterproof","REPLACE","44837255938297","42741655011577","MERGE","3","10081-730-0014","109.99","","0","0",""
"7617833697529","neptune-103-anorak-jacket","Neptune Anorak","commercial, hi-vis, medium, mens, mens-jackets, pull-over, Sale, Sale 2, sport, tag__hot_Sale, waterproof","REPLACE","44837255971065","42741655044345","MERGE","4","10081-730-0015","109.99","","0","0",""
"7617833697529","neptune-103-anorak-jacket","Neptune Anorak","commercial, hi-vis, medium, mens, mens-jackets, pull-over, Sale, Sale 2, sport, tag__hot_Sale, waterproof","REPLACE","44837256003833","42741655077113","MERGE","5","10081-730-0016","109.99","","1","0",""
"7617833697529","neptune-103-anorak-jacket","Neptune Anorak","commercial, hi-vis, medium, mens, mens-jackets, pull-over, Sale, Sale 2, sport, tag__hot_Sale, waterproof","REPLACE","44837256036601","42741655109881","MERGE","6","10081-730-0017","109.99","","8","0",""
"7617833697529","neptune-103-anorak-jacket","Neptune Anorak","commercial, hi-vis, medium, mens, mens-jackets, pull-over, Sale, Sale 2, sport, tag__hot_Sale, waterproof","REPLACE","44837256069369","42741655142649","MERGE","7","10081-730-0018","109.99","","0","0",""
"7617833697529","neptune-103-anorak-jacket","Neptune Anorak","commercial, hi-vis, medium, mens, mens-jackets, pull-over, Sale, Sale 2, sport, tag__hot_Sale, waterproof","REPLACE","45494766338297","43401541452025","MERGE","8","10081-730-0019","109.99","0.00","0","0",""
"7617833697529","neptune-103-anorak-jacket","Neptune Anorak","commercial, hi-vis, medium, mens, mens-jackets, pull-over, Sale, Sale 2, sport, tag__hot_Sale, waterproof","REPLACE","45494766993657","43401542107385","MERGE","9","10081-730-0020","109.99","0.00","0","0",""
"7617833697529","neptune-103-anorak-jacket","Neptune Anorak","commercial, hi-vis, medium, mens, mens-jackets, pull-over, Sale, Sale 2, sport, tag__hot_Sale, waterproof","REPLACE","44837256167673","42741655240953","MERGE","10","10081-800-0012","109.99","","2","0",""
"7617833697529","neptune-103-anorak-jacket","Neptune Anorak","commercial, hi-vis, medium, mens, mens-jackets, pull-over, Sale, Sale 2, sport, tag__hot_Sale, waterproof","REPLACE","44837256200441","42741655273721","MERGE","11","10081-800-0013","109.99","","12","0",""
"7617833697529","neptune-103-anorak-jacket","Neptune Anorak","commercial, hi-vis, medium, mens, mens-jackets, pull-over, Sale, Sale 2, sport, tag__hot_Sale, waterproof","REPLACE","44837256233209","42741655306489","MERGE","12","10081-800-0014","109.99","","0","0",""
"7617833697529","neptune-103-anorak-jacket","Neptune Anorak","commercial, hi-vis, medium, mens, mens-jackets, pull-over, Sale, Sale 2, sport, tag__hot_Sale, waterproof","REPLACE","44837256265977","42741655339257","MERGE","13","10081-800-0015","109.99","","0","0",""
"7617833697529","neptune-103-anorak-jacket","Neptune Anorak","commercial, hi-vis, medium, mens, mens-jackets, pull-over, Sale, Sale 2, sport, tag__hot_Sale, waterproof","REPLACE","44837256298745","42741655372025","MERGE","14","10081-800-0016","109.99","","0","0",""
"7617833697529","neptune-103-anorak-jacket","Neptune Anorak","commercial, hi-vis, medium, mens, mens-jackets, pull-over, Sale, Sale 2, sport, tag__hot_Sale, waterproof","REPLACE","44837256331513","42741655404793","MERGE","15","10081-800-0017","109.99","","3","0",""
"7617833697529","neptune-103-anorak-jacket","Neptune Anorak","commercial, hi-vis, medium, mens, mens-jackets, pull-over, Sale, Sale 2, sport, tag__hot_Sale, waterproof","REPLACE","44837256364281","42741655437561","MERGE","16","10081-800-0018","109.99","","11","0",""
"7617833697529","neptune-103-anorak-jacket","Neptune Anorak","commercial, hi-vis, medium, mens, mens-jackets, pull-over, Sale, Sale 2, sport, tag__hot_Sale, waterproof","REPLACE","44837256397049","42741655470329","MERGE","17","10081-800-0019","109.99","","2","0",""
"7617833697529","neptune-103-anorak-jacket","Neptune Anorak","commercial, hi-vis, medium, mens, mens-jackets, pull-over, Sale, Sale 2, sport, tag__hot_Sale, waterproof","REPLACE","44837256429817","42741655503097","MERGE","18","10081-800-0020","109.99","","6","0",""
"7617835761913","new-deck-boss-boot","Deck-Boss 15"" Fishing Boot","commercial, Made In USA, tag__new_Made In USA","REPLACE","44837293490425","42741692563705","MERGE","1","60003-020-1008","149.99","","0","0",""
"7617835761913","new-deck-boss-boot","Deck-Boss 15"" Fishing Boot","commercial, Made In USA, tag__new_Made In USA","REPLACE","44837293523193","42741692596473","MERGE","2","60003-020-1009","149.99","","2","0",""
"7617835761913","new-deck-boss-boot","Deck-Boss 15"" Fishing Boot","commercial, Made In USA, tag__new_Made In USA","REPLACE","44837293555961","42741692629241","MERGE","3","60003-020-1010","149.99","","0","0",""
"7617835761913","new-deck-boss-boot","Deck-Boss 15"" Fishing Boot","commercial, Made In USA, tag__new_Made In USA","REPLACE","44837293588729","42741692662009","MERGE","4","60003-020-1011","149.99","","-1","0",""
"7617835761913","new-deck-boss-boot","Deck-Boss 15"" Fishing Boot","commercial, Made In USA, tag__new_Made In USA","REPLACE","44837293621497","42741692694777","MERGE","5","60003-020-1012","149.99","","0","0",""
"7617835761913","new-deck-boss-boot","Deck-Boss 15"" Fishing Boot","commercial, Made In USA, tag__new_Made In USA","REPLACE","44837293654265","42741692727545","MERGE","6","60003-020-1013","149.99","","4","0",""
"7617835761913","new-deck-boss-boot","Deck-Boss 15"" Fishing Boot","commercial, Made In USA, tag__new_Made In USA","REPLACE","44837293687033","42741692760313","MERGE","7","60003-020-1014","149.99","","0","0",""
"7617835761913","new-deck-boss-boot","Deck-Boss 15"" Fishing Boot","commercial, Made In USA, tag__new_Made In USA","REPLACE","44837293719801","42741692793081","MERGE","8","60003-020-1015","149.99","","0","0",""
"7617836318969","womens-neptune-bib","Women's Neptune Bib","Hold","REPLACE","44837300273401","42741699346681","MERGE","1","10133-001-0012","109.99","","0","0",""
"7617836318969","womens-neptune-bib","Women's Neptune Bib","Hold","REPLACE","44837300306169","42741699379449","MERGE","2","10133-001-0013","109.99","","0","0",""
"7617836318969","womens-neptune-bib","Women's Neptune Bib","Hold","REPLACE","44837300338937","42741699412217","MERGE","3","10133-001-0014","109.99","","0","0",""
"7617836318969","womens-neptune-bib","Women's Neptune Bib","Hold","REPLACE","44837300371705","42741699444985","MERGE","4","10133-001-0015","109.99","","0","0",""
"7617836318969","womens-neptune-bib","Women's Neptune Bib","Hold","REPLACE","44837300404473","42741699477753","MERGE","5","10133-001-0016","109.99","","0","0",""
"7617836318969","womens-neptune-bib","Women's Neptune Bib","Hold","REPLACE","44837300437241","42741699510521","MERGE","6","10133-001-0017","109.99","","4","0",""
"7617833894137","neptune-509-bib-pant","Neptune Bib","","REPLACE","44837260886265","42741659697401","MERGE","1","10075-001-0012","109.99","","31","0",""
"7617833894137","neptune-509-bib-pant","Neptune Bib","","REPLACE","44837260919033","42741659730169","MERGE","2","10075-001-0013","109.99","","52","0",""
"7617833894137","neptune-509-bib-pant","Neptune Bib","","REPLACE","44837260951801","42741659762937","MERGE","3","10075-001-0014","109.99","","21","0",""
"7617833894137","neptune-509-bib-pant","Neptune Bib","","REPLACE","44837260984569","42741659795705","MERGE","4","10075-001-0015","109.99","","22","0",""
"7617833894137","neptune-509-bib-pant","Neptune Bib","","REPLACE","44837261017337","42741659828473","MERGE","5","10075-001-0016","109.99","","50","0",""
"7617833894137","neptune-509-bib-pant","Neptune Bib","","REPLACE","44837261050105","42741659894009","MERGE","6","10075-001-0017","109.99","","12","0",""
"7617833894137","neptune-509-bib-pant","Neptune Bib","","REPLACE","44837261082873","42741659959545","MERGE","7","10075-001-0018","109.99","","0","0",""
"7617833894137","neptune-509-bib-pant","Neptune Bib","","REPLACE","44837261115641","42741660025081","MERGE","8","10075-001-0019","109.99","","0","0",""
"7617833894137","neptune-509-bib-pant","Neptune Bib","","REPLACE","44837261148409","42741660090617","MERGE","9","10075-001-0020","109.99","","10","0",""
"7617833894137","neptune-509-bib-pant","Neptune Bib","","REPLACE","44837261181177","42741660156153","MERGE","10","10075-300-0012","109.99","","11","0",""
"7617833894137","neptune-509-bib-pant","Neptune Bib","","REPLACE","44837261213945","42741660188921","MERGE","11","10075-300-0013","109.99","","2","0",""
"7617833894137","neptune-509-bib-pant","Neptune Bib","","REPLACE","44837261246713","42741660221689","MERGE","12","10075-300-0014","109.99","","0","0",""
"7617833894137","neptune-509-bib-pant","Neptune Bib","","REPLACE","44837261279481","42741660254457","MERGE","13","10075-300-0015","109.99","","2","0",""
"7617833894137","neptune-509-bib-pant","Neptune Bib","","REPLACE","44837261312249","42741660287225","MERGE","14","10075-300-0016","109.99","","40","0",""
"7617833894137","neptune-509-bib-pant","Neptune Bib","","REPLACE","44837261345017","42741660319993","MERGE","15","10075-300-0017","109.99","","0","0",""
"7617833894137","neptune-509-bib-pant","Neptune Bib","","REPLACE","44837261377785","42741660385529","MERGE","16","10075-300-0018","109.99","","9","0",""
"7617833894137","neptune-509-bib-pant","Neptune Bib","","REPLACE","45292787958009","43198610211065","MERGE","17","10075-300-0019","109.99","0.00","0","0",""
"7617833894137","neptune-509-bib-pant","Neptune Bib","","REPLACE","45292788449529","43198610702585","MERGE","18","10075-300-0020","109.99","0.00","0","0",""
"7617833894137","neptune-509-bib-pant","Neptune Bib","","REPLACE","44837261771001","42741660844281","MERGE","19","10075-800-0012","109.99","","4","0",""
"7617833894137","neptune-509-bib-pant","Neptune Bib","","REPLACE","44837261803769","42741660877049","MERGE","20","10075-800-0013","109.99","","14","0",""
"7617833894137","neptune-509-bib-pant","Neptune Bib","","REPLACE","44837261836537","42741660909817","MERGE","21","10075-800-0014","109.99","","6","0",""
"7617833894137","neptune-509-bib-pant","Neptune Bib","","REPLACE","44837261869305","42741660942585","MERGE","22","10075-800-0015","109.99","","11","0",""
"7617833894137","neptune-509-bib-pant","Neptune Bib","","REPLACE","44837261902073","42741660975353","MERGE","23","10075-800-0016","109.99","","0","0",""
"7617833894137","neptune-509-bib-pant","Neptune Bib","","REPLACE","44837261934841","42741661008121","MERGE","24","10075-800-0017","109.99","","1","0",""
"7617833894137","neptune-509-bib-pant","Neptune Bib","","REPLACE","44837261967609","42741661040889","MERGE","25","10075-800-0018","109.99","","0","0",""
"7617833894137","neptune-509-bib-pant","Neptune Bib","","REPLACE","45292783894777","43198606147833","MERGE","26","10075-800-0019","109.99","0.00","0","0",""
"7617833894137","neptune-509-bib-pant","Neptune Bib","","REPLACE","45292785107193","43198607360249","MERGE","27","10075-800-0020","109.99","0.00","0","0",""
"7617833894137","neptune-509-bib-pant","Neptune Bib","","REPLACE","44837261476089","42741660483833","MERGE","28","10075-730-0012","109.99","","1","0",""
"7617833894137","neptune-509-bib-pant","Neptune Bib","","REPLACE","44837261508857","42741660516601","MERGE","29","10075-730-0013","109.99","","34","0",""
"7617833894137","neptune-509-bib-pant","Neptune Bib","","REPLACE","44837261541625","42741660549369","MERGE","30","10075-730-0014","109.99","","20","0",""
"7617833894137","neptune-509-bib-pant","Neptune Bib","","REPLACE","44837261574393","42741660614905","MERGE","31","10075-730-0015","109.99","","16","0",""
"7617833894137","neptune-509-bib-pant","Neptune Bib","","REPLACE","44837261607161","42741660647673","MERGE","32","10075-730-0016","109.99","","12","0",""
"7617833894137","neptune-509-bib-pant","Neptune Bib","","REPLACE","44837261639929","42741660680441","MERGE","33","10075-730-0017","109.99","","0","0",""
"7617833894137","neptune-509-bib-pant","Neptune Bib","","REPLACE","44837261672697","42741660713209","MERGE","34","10075-730-0018","109.99","","0","0",""
"7617833894137","neptune-509-bib-pant","Neptune Bib","","REPLACE","45292781633785","43198603886841","MERGE","35","10075-730-0019","109.99","0.00","0","0",""
"7617833894137","neptune-509-bib-pant","Neptune Bib","","REPLACE","45292782747897","43198605000953","MERGE","36","10075-730-0020","109.99","0.00","0","0",""
"7617833992441","neptune-219-waist-pant","Neptune Pant","","REPLACE","44837264163065","42741663170809","MERGE","1","10078-001-0012","109.99","","9","0",""
"7617833992441","neptune-219-waist-pant","Neptune Pant","","REPLACE","44837264195833","42741663203577","MERGE","2","10078-001-0013","109.99","","0","0",""
"7617833992441","neptune-219-waist-pant","Neptune Pant","","REPLACE","44837264228601","42741663236345","MERGE","3","10078-001-0014","109.99","","17","0",""
"7617833992441","neptune-219-waist-pant","Neptune Pant","","REPLACE","44837264261369","42741663269113","MERGE","4","10078-001-0015","109.99","","19","0",""
"7617833992441","neptune-219-waist-pant","Neptune Pant","","REPLACE","44837264294137","42741663334649","MERGE","5","10078-001-0016","109.99","","4","0",""
"7617833992441","neptune-219-waist-pant","Neptune Pant","","REPLACE","44837264326905","42741663367417","MERGE","6","10078-001-0017","109.99","","4","0",""
"7617833992441","neptune-219-waist-pant","Neptune Pant","","REPLACE","44837264359673","42741663400185","MERGE","7","10078-001-0018","109.99","","0","0",""
"7617833992441","neptune-219-waist-pant","Neptune Pant","","REPLACE","45525913174265","43432584577273","MERGE","8","10078-001-0019","109.99","0.00","0","0",""
"7617833992441","neptune-219-waist-pant","Neptune Pant","","REPLACE","44837264425209","42741663465721","MERGE","9","10078-001-0020","109.99","0.00","0","0",""
"7617833992441","neptune-219-waist-pant","Neptune Pant","","REPLACE","45151915933945","43056114303225","MERGE","10","10078-204-0012","119.99","0.00","6","0",""
"7617833992441","neptune-219-waist-pant","Neptune Pant","","REPLACE","45151915966713","43056114335993","MERGE","11","10078-204-0013","119.99","0.00","0","0",""
"7617833992441","neptune-219-waist-pant","Neptune Pant","","REPLACE","45151915999481","43056114368761","MERGE","12","10078-204-0014","119.99","0.00","0","0",""
"7617833992441","neptune-219-waist-pant","Neptune Pant","","REPLACE","45151916032249","43056114401529","MERGE","13","10078-204-0015","119.99","0.00","0","0",""
"7617833992441","neptune-219-waist-pant","Neptune Pant","","REPLACE","45151916065017","43056114434297","MERGE","14","10078-204-0016","119.99","0.00","0","0",""
"7617833992441","neptune-219-waist-pant","Neptune Pant","","REPLACE","45151916097785","43056114467065","MERGE","15","10078-204-0017","119.99","0.00","0","0",""
"7617833992441","neptune-219-waist-pant","Neptune Pant","","REPLACE","45151916130553","43056114499833","MERGE","16","10078-204-0018","119.99","0.00","3","0",""
"7617833992441","neptune-219-waist-pant","Neptune Pant","","REPLACE","45151916196089","43056114565369","MERGE","17","10078-204-0020","119.99","0.00","0","0",""
"7617833992441","neptune-219-waist-pant","Neptune Pant","","REPLACE","45151916163321","43056114532601","MERGE","18","10078-204-0019","119.99","0.00","0","0",""
"7617833992441","neptune-219-waist-pant","Neptune Pant","","REPLACE","45453666517241","43360543408377","MERGE","19","10078-800-0012","81.99","","0","0",""
"7617833992441","neptune-219-waist-pant","Neptune Pant","","REPLACE","45453668253945","43360545145081","MERGE","20","10078-800-0013","81.99","","0","0",""
"7617833992441","neptune-219-waist-pant","Neptune Pant","","REPLACE","45453669531897","43360546423033","MERGE","21","10078-800-0014","81.99","","0","0",""
"7617833992441","neptune-219-waist-pant","Neptune Pant","","REPLACE","44837265146105","42741664186617","MERGE","22","10078-800-0015","81.99","","0","0",""
"7617833992441","neptune-219-waist-pant","Neptune Pant","","REPLACE","44837265178873","42741664219385","MERGE","23","10078-800-0016","81.99","","0","0",""
"7617833992441","neptune-219-waist-pant","Neptune Pant","","REPLACE","44837265211641","42741664252153","MERGE","24","10078-800-0017","81.99","","0","0",""
"7617833992441","neptune-219-waist-pant","Neptune Pant","","REPLACE","44837265244409","42741664284921","MERGE","25","10078-800-0018","81.99","","0","0",""
"7617833992441","neptune-219-waist-pant","Neptune Pant","","REPLACE","44837265277177","42741664317689","MERGE","26","10078-800-0019","81.99","109.99","13","0",""
"7617833992441","neptune-219-waist-pant","Neptune Pant","","REPLACE","44837265309945","42741664350457","MERGE","27","10078-800-0020","81.99","109.99","4","0",""
"7617833992441","neptune-219-waist-pant","Neptune Pant","","REPLACE","45453693812985","43360570704121","MERGE","28","10078-730-0012","81.99","","0","0",""
"7617833992441","neptune-219-waist-pant","Neptune Pant","","REPLACE","45453699186937","43360576078073","MERGE","29","10078-730-0013","81.99","","0","0",""
"7617833992441","neptune-219-waist-pant","Neptune Pant","","REPLACE","45453700399353","43360577323257","MERGE","30","10078-730-0014","81.99","","0","0",""
"7617833992441","neptune-219-waist-pant","Neptune Pant","","REPLACE","45453702430969","43360579322105","MERGE","31","10078-730-0015","81.99","","0","0",""
"7617833992441","neptune-219-waist-pant","Neptune Pant","","REPLACE","45453709508857","43360586399993","MERGE","32","10078-730-0016","81.99","","0","0",""
"7617833992441","neptune-219-waist-pant","Neptune Pant","","REPLACE","45453706887417","43360583778553","MERGE","33","10078-730-0017","81.99","","0","0",""
"7617833992441","neptune-219-waist-pant","Neptune Pant","","REPLACE","44837264949497","42741663990009","MERGE","34","10078-730-0018","81.99","109.99","0","0",""
"7617833992441","neptune-219-waist-pant","Neptune Pant","","REPLACE","44837264982265","42741664022777","MERGE","35","10078-730-0019","81.99","109.99","22","0",""
"7617833992441","neptune-219-waist-pant","Neptune Pant","","REPLACE","44837265015033","42741664055545","MERGE","36","10078-730-0020","81.99","109.99","41","0",""
"7617833992441","neptune-219-waist-pant","Neptune Pant","","REPLACE","45453654655225","43360531579129","MERGE","37","10078-300-0012","81.99","","0","0",""
"7617833992441","neptune-219-waist-pant","Neptune Pant","","REPLACE","45453653639417","43360530596089","MERGE","38","10078-300-0013","81.99","","0","0",""
"7617833992441","neptune-219-waist-pant","Neptune Pant","","REPLACE","45453649674489","43360526598393","MERGE","39","10078-300-0014","81.99","","0","0",""
"7617833992441","neptune-219-waist-pant","Neptune Pant","","REPLACE","45453648199929","43360525254905","MERGE","40","10078-300-0015","81.99","","0","0",""
"7617833992441","neptune-219-waist-pant","Neptune Pant","","REPLACE","45453647413497","43360524402937","MERGE","41","10078-300-0016","81.99","","0","0",""
"7617833992441","neptune-219-waist-pant","Neptune Pant","","REPLACE","44837264621817","42741663662329","MERGE","42","10078-300-0017","81.99","","0","0",""
"7617833992441","neptune-219-waist-pant","Neptune Pant","","REPLACE","44837264654585","42741663695097","MERGE","43","10078-300-0018","81.99","","0","0",""
"7617833992441","neptune-219-waist-pant","Neptune Pant","","REPLACE","44837264687353","42741663727865","MERGE","44","10078-300-0019","81.99","109.99","0","0",""
"7617833992441","neptune-219-waist-pant","Neptune Pant","","REPLACE","44837264720121","42741663760633","MERGE","45","10078-300-0020","81.99","109.99","0","0",""
"7617833795833","neptune-319-jacket","Neptune Jacket","Best Seller, commercial, tag__hot_Best Seller","REPLACE","44837257576697","42741656518905","MERGE","1","10079-001-0012","109.99","","5","0",""
"7617833795833","neptune-319-jacket","Neptune Jacket","Best Seller, commercial, tag__hot_Best Seller","REPLACE","44837257642233","42741656584441","MERGE","2","10079-001-0013","109.99","","29","0",""
"7617833795833","neptune-319-jacket","Neptune Jacket","Best Seller, commercial, tag__hot_Best Seller","REPLACE","44837257675001","42741656617209","MERGE","3","10079-001-0014","109.99","","38","0",""
"7617833795833","neptune-319-jacket","Neptune Jacket","Best Seller, commercial, tag__hot_Best Seller","REPLACE","44837257707769","42741656649977","MERGE","4","10079-001-0015","109.99","","37","0",""
"7617833795833","neptune-319-jacket","Neptune Jacket","Best Seller, commercial, tag__hot_Best Seller","REPLACE","44837257740537","42741656682745","MERGE","5","10079-001-0016","109.99","","0","0",""
"7617833795833","neptune-319-jacket","Neptune Jacket","Best Seller, commercial, tag__hot_Best Seller","REPLACE","44837257773305","42741656715513","MERGE","6","10079-001-0017","109.99","","17","0",""
"7617833795833","neptune-319-jacket","Neptune Jacket","Best Seller, commercial, tag__hot_Best Seller","REPLACE","44837257806073","42741656748281","MERGE","7","10079-001-0018","109.99","","11","0",""
"7617833795833","neptune-319-jacket","Neptune Jacket","Best Seller, commercial, tag__hot_Best Seller","REPLACE","44837257838841","42741656781049","MERGE","8","10079-001-0019","109.99","","0","0",""
"7617833795833","neptune-319-jacket","Neptune Jacket","Best Seller, commercial, tag__hot_Best Seller","REPLACE","44837257871609","42741656813817","MERGE","9","10079-001-0020","109.99","","2","0",""
"7617833795833","neptune-319-jacket","Neptune Jacket","Best Seller, commercial, tag__hot_Best Seller","REPLACE","47484569813241","45398305997049","MERGE","10","10079-425-0012","109.99","","11","0",""
"7617833795833","neptune-319-jacket","Neptune Jacket","Best Seller, commercial, tag__hot_Best Seller","REPLACE","47484569846009","45398306029817","MERGE","11","10079-425-0013","109.99","","0","0",""
"7617833795833","neptune-319-jacket","Neptune Jacket","Best Seller, commercial, tag__hot_Best Seller","REPLACE","47484569878777","45398306062585","MERGE","12","10079-425-0014","109.99","","3","0",""
"7617833795833","neptune-319-jacket","Neptune Jacket","Best Seller, commercial, tag__hot_Best Seller","REPLACE","47484569911545","45398306095353","MERGE","13","10079-425-0015","109.99","","0","0",""
"7617833795833","neptune-319-jacket","Neptune Jacket","Best Seller, commercial, tag__hot_Best Seller","REPLACE","47484569944313","45398306128121","MERGE","14","10079-425-0016","109.99","","0","0",""
"7617833795833","neptune-319-jacket","Neptune Jacket","Best Seller, commercial, tag__hot_Best Seller","REPLACE","47484569977081","45398306160889","MERGE","15","10079-425-0017","109.99","","7","0",""
"7617833795833","neptune-319-jacket","Neptune Jacket","Best Seller, commercial, tag__hot_Best Seller","REPLACE","47484570009849","45398306193657","MERGE","16","10079-425-0018","109.99","","4","0",""
"7617833795833","neptune-319-jacket","Neptune Jacket","Best Seller, commercial, tag__hot_Best Seller","REPLACE","47484570042617","45398306226425","MERGE","17","10079-425-0019","119.99","0.00","0","0",""
"7617833795833","neptune-319-jacket","Neptune Jacket","Best Seller, commercial, tag__hot_Best Seller","REPLACE","47484570075385","45398306259193","MERGE","18","10079-425-0020","119.99","0.00","0","0",""
"7617833795833","neptune-319-jacket","Neptune Jacket","Best Seller, commercial, tag__hot_Best Seller","REPLACE","44837257904377","42741656846585","MERGE","19","10079-300-0012","109.99","","14","0",""
"7617833795833","neptune-319-jacket","Neptune Jacket","Best Seller, commercial, tag__hot_Best Seller","REPLACE","44837257609465","42741656551673","MERGE","20","10079-300-0013","109.99","","10","0",""
"7617833795833","neptune-319-jacket","Neptune Jacket","Best Seller, commercial, tag__hot_Best Seller","REPLACE","44837257937145","42741656879353","MERGE","21","10079-300-0014","109.99","","0","0",""
"7617833795833","neptune-319-jacket","Neptune Jacket","Best Seller, commercial, tag__hot_Best Seller","REPLACE","44837257969913","42741656912121","MERGE","22","10079-300-0015","109.99","","37","0",""
"7617833795833","neptune-319-jacket","Neptune Jacket","Best Seller, commercial, tag__hot_Best Seller","REPLACE","44837258002681","42741656944889","MERGE","23","10079-300-0016","109.99","","0","0",""
"7617833795833","neptune-319-jacket","Neptune Jacket","Best Seller, commercial, tag__hot_Best Seller","REPLACE","44837258035449","42741656977657","MERGE","24","10079-300-0017","109.99","","0","0",""
"7617833795833","neptune-319-jacket","Neptune Jacket","Best Seller, commercial, tag__hot_Best Seller","REPLACE","44837258068217","42741657010425","MERGE","25","10079-300-0018","109.99","","6","0",""
"7617833795833","neptune-319-jacket","Neptune Jacket","Best Seller, commercial, tag__hot_Best Seller","REPLACE","45432723931385","43339616125177","MERGE","26","10079-300-0019","119.99","0.00","0","0",""
"7617833795833","neptune-319-jacket","Neptune Jacket","Best Seller, commercial, tag__hot_Best Seller","REPLACE","45432727044345","43339619336441","MERGE","27","10079-300-0020","119.99","0.00","0","0",""
"7617833795833","neptune-319-jacket","Neptune Jacket","Best Seller, commercial, tag__hot_Best Seller","REPLACE","44837258395897","42741657338105","MERGE","28","10079-800-0012","109.99","","7","0",""
"7617833795833","neptune-319-jacket","Neptune Jacket","Best Seller, commercial, tag__hot_Best Seller","REPLACE","44837258428665","42741657370873","MERGE","29","10079-800-0013","109.99","","4","0",""
"7617833795833","neptune-319-jacket","Neptune Jacket","Best Seller, commercial, tag__hot_Best Seller","REPLACE","44837258461433","42741657403641","MERGE","30","10079-800-0014","109.99","","10","0",""
"7617833795833","neptune-319-jacket","Neptune Jacket","Best Seller, commercial, tag__hot_Best Seller","REPLACE","44837258494201","42741657436409","MERGE","31","10079-800-0015","109.99","","4","0",""
"7617833795833","neptune-319-jacket","Neptune Jacket","Best Seller, commercial, tag__hot_Best Seller","REPLACE","44837258526969","42741657469177","MERGE","32","10079-800-0016","109.99","","9","0",""
"7617833795833","neptune-319-jacket","Neptune Jacket","Best Seller, commercial, tag__hot_Best Seller","REPLACE","44837258559737","42741657501945","MERGE","33","10079-800-0017","109.99","","17","0",""
"7617833795833","neptune-319-jacket","Neptune Jacket","Best Seller, commercial, tag__hot_Best Seller","REPLACE","44837258592505","42741657534713","MERGE","34","10079-800-0018","109.99","","0","0",""
"7617833795833","neptune-319-jacket","Neptune Jacket","Best Seller, commercial, tag__hot_Best Seller","REPLACE","44837258625273","42741657567481","MERGE","35","10079-800-0019","109.99","","11","0",""
"7617833795833","neptune-319-jacket","Neptune Jacket","Best Seller, commercial, tag__hot_Best Seller","REPLACE","44837258658041","42741657633017","MERGE","36","10079-800-0020","109.99","","8","0",""
"7617833795833","neptune-319-jacket","Neptune Jacket","Best Seller, commercial, tag__hot_Best Seller","REPLACE","47484569518329","45398305702137","MERGE","37","10079-368-0012","82.99","109.99","0","0",""
"7617833795833","neptune-319-jacket","Neptune Jacket","Best Seller, commercial, tag__hot_Best Seller","REPLACE","47484569551097","45398305734905","MERGE","38","10079-368-0013","82.99","109.99","0","0",""
"7617833795833","neptune-319-jacket","Neptune Jacket","Best Seller, commercial, tag__hot_Best Seller","REPLACE","47484569583865","45398305767673","MERGE","39","10079-368-0014","82.99","109.99","7","0",""
"7617833795833","neptune-319-jacket","Neptune Jacket","Best Seller, commercial, tag__hot_Best Seller","REPLACE","47484569616633","45398305800441","MERGE","40","10079-368-0015","82.99","109.99","0","0",""
"7617833795833","neptune-319-jacket","Neptune Jacket","Best Seller, commercial, tag__hot_Best Seller","REPLACE","47484569649401","45398305833209","MERGE","41","10079-368-0016","82.99","109.99","0","0",""
"7617833795833","neptune-319-jacket","Neptune Jacket","Best Seller, commercial, tag__hot_Best Seller","REPLACE","47484569682169","45398305865977","MERGE","42","10079-368-0017","82.99","109.99","0","0",""
"7617833795833","neptune-319-jacket","Neptune Jacket","Best Seller, commercial, tag__hot_Best Seller","REPLACE","47484569714937","45398305898745","MERGE","43","10079-368-0018","82.99","109.99","0","0",""
"7617833795833","neptune-319-jacket","Neptune Jacket","Best Seller, commercial, tag__hot_Best Seller","REPLACE","47484569747705","45398305931513","MERGE","44","10079-368-0019","89.99","119.99","0","0",""
"7617833795833","neptune-319-jacket","Neptune Jacket","Best Seller, commercial, tag__hot_Best Seller","REPLACE","47484569780473","45398305964281","MERGE","45","10079-368-0020","89.99","119.99","0","0",""
"7617833795833","neptune-319-jacket","Neptune Jacket","Best Seller, commercial, tag__hot_Best Seller","REPLACE","44837258166521","42741657108729","MERGE","46","10079-730-0012","109.99","","0","0",""
"7617833795833","neptune-319-jacket","Neptune Jacket","Best Seller, commercial, tag__hot_Best Seller","REPLACE","44837258199289","42741657141497","MERGE","47","10079-730-0013","109.99","","12","0",""
"7617833795833","neptune-319-jacket","Neptune Jacket","Best Seller, commercial, tag__hot_Best Seller","REPLACE","44837258232057","42741657174265","MERGE","48","10079-730-0014","109.99","","5","0",""
"7617833795833","neptune-319-jacket","Neptune Jacket","Best Seller, commercial, tag__hot_Best Seller","REPLACE","44837258264825","42741657207033","MERGE","49","10079-730-0015","109.99","","0","0",""
"7617833795833","neptune-319-jacket","Neptune Jacket","Best Seller, commercial, tag__hot_Best Seller","REPLACE","44837258297593","42741657239801","MERGE","50","10079-730-0016","109.99","","5","0",""
"7617833795833","neptune-319-jacket","Neptune Jacket","Best Seller, commercial, tag__hot_Best Seller","REPLACE","44837258330361","42741657272569","MERGE","51","10079-730-0017","109.99","","2","0",""
"7617833795833","neptune-319-jacket","Neptune Jacket","Best Seller, commercial, tag__hot_Best Seller","REPLACE","44837258363129","42741657305337","MERGE","52","10079-730-0018","109.99","","4","0",""
"7617833795833","neptune-319-jacket","Neptune Jacket","Best Seller, commercial, tag__hot_Best Seller","REPLACE","45432690147577","43339582341369","MERGE","53","10079-730-0019","119.99","109.99","0","0",""
"7617833795833","neptune-319-jacket","Neptune Jacket","Best Seller, commercial, tag__hot_Best Seller","REPLACE","45432710889721","43339603149049","MERGE","54","10079-730-0020","119.99","109.99","0","0",""
"7617836777721","deck-hand-sandal","Deck-Hand Sandal","footwear, mens, sandals","REPLACE","44837309513977","42741708587257","MERGE","1","60007-030-1008","24.99","49.99","38","0",""
"7617836777721","deck-hand-sandal","Deck-Hand Sandal","footwear, mens, sandals","REPLACE","44837309546745","42741708620025","MERGE","2","60007-030-1009","24.99","49.99","0","0",""
"7617836777721","deck-hand-sandal","Deck-Hand Sandal","footwear, mens, sandals","REPLACE","44837309579513","42741708652793","MERGE","3","60007-030-1010","24.99","49.99","0","0",""
"7617836777721","deck-hand-sandal","Deck-Hand Sandal","footwear, mens, sandals","REPLACE","44837309612281","42741708685561","MERGE","4","60007-030-1011","24.99","49.99","0","0",""
"7617836777721","deck-hand-sandal","Deck-Hand Sandal","footwear, mens, sandals","REPLACE","44837309645049","42741708718329","MERGE","5","60007-030-1012","24.99","49.99","0","0",""
"7617836777721","deck-hand-sandal","Deck-Hand Sandal","footwear, mens, sandals","REPLACE","44837309677817","42741708751097","MERGE","6","60007-030-1013","24.99","49.99","0","0",""
"7617836777721","deck-hand-sandal","Deck-Hand Sandal","footwear, mens, sandals","REPLACE","44837309710585","42741708783865","MERGE","7","60007-030-1014","24.99","49.99","0","0",""
"7617836351737","womens-neptune-jacket","Women's Neptune Jacket","mens, mens-jackets","REPLACE","44837300502777","42741699576057","MERGE","1","10132-421-0012","109.99","","13","0",""
"7617836351737","womens-neptune-jacket","Women's Neptune Jacket","mens, mens-jackets","REPLACE","44837300535545","42741699608825","MERGE","2","10132-421-0013","109.99","","11","0",""
"7617836351737","womens-neptune-jacket","Women's Neptune Jacket","mens, mens-jackets","REPLACE","44837300568313","42741699641593","MERGE","3","10132-421-0014","109.99","","12","0",""
"7617836351737","womens-neptune-jacket","Women's Neptune Jacket","mens, mens-jackets","REPLACE","44837300601081","42741699674361","MERGE","4","10132-421-0015","109.99","","1","0",""
"7617836351737","womens-neptune-jacket","Women's Neptune Jacket","mens, mens-jackets","REPLACE","44837300633849","42741699707129","MERGE","5","10132-421-0016","109.99","","2","0",""
"7617836351737","womens-neptune-jacket","Women's Neptune Jacket","mens, mens-jackets","REPLACE","44837300666617","42741699739897","MERGE","6","10132-421-0017","109.99","","10","0",""
"7617836351737","womens-neptune-jacket","Women's Neptune Jacket","mens, mens-jackets","REPLACE","44837300961529","42741700034809","MERGE","7","10132-021-0012","109.99","","14","0",""
"7617836351737","womens-neptune-jacket","Women's Neptune Jacket","mens, mens-jackets","REPLACE","44837300994297","42741700067577","MERGE","8","10132-021-0013","109.99","","11","0",""
"7617836351737","womens-neptune-jacket","Women's Neptune Jacket","mens, mens-jackets","REPLACE","44837301027065","42741700100345","MERGE","9","10132-021-0014","109.99","","13","0",""
"7617836351737","womens-neptune-jacket","Women's Neptune Jacket","mens, mens-jackets","REPLACE","44837301059833","42741700133113","MERGE","10","10132-021-0015","109.99","","13","0",""
"7617836351737","womens-neptune-jacket","Women's Neptune Jacket","mens, mens-jackets","REPLACE","44837301092601","42741700165881","MERGE","11","10132-021-0016","109.99","","11","0",""
"7617836351737","womens-neptune-jacket","Women's Neptune Jacket","mens, mens-jackets","REPLACE","44837301125369","42741700198649","MERGE","12","10132-021-0017","109.99","","2","0",""
"7617836351737","womens-neptune-jacket","Women's Neptune Jacket","mens, mens-jackets","REPLACE","45787764719865","43693334429945","MERGE","13","10132-673-0012","109.99","","10","0",""
"7617836351737","womens-neptune-jacket","Women's Neptune Jacket","mens, mens-jackets","REPLACE","45787765735673","43693335445753","MERGE","14","10132-673-0013","109.99","","6","0",""
"7617836351737","womens-neptune-jacket","Women's Neptune Jacket","mens, mens-jackets","REPLACE","45787766620409","43693336330489","MERGE","15","10132-673-0014","109.99","","11","0",""
"7617836351737","womens-neptune-jacket","Women's Neptune Jacket","mens, mens-jackets","REPLACE","45787768324345","43693338034425","MERGE","16","10132-673-0015","109.99","","9","0",""
"7617836351737","womens-neptune-jacket","Women's Neptune Jacket","mens, mens-jackets","REPLACE","45787769569529","43693339279609","MERGE","17","10132-673-0016","109.99","","10","0",""
"7617836351737","womens-neptune-jacket","Women's Neptune Jacket","mens, mens-jackets","REPLACE","45787770421497","43693340131577","MERGE","18","10132-673-0017","109.99","","12","0",""
"7617836351737","womens-neptune-jacket","Women's Neptune Jacket","mens, mens-jackets","REPLACE","44837300732153","42741699805433","MERGE","19","10132-001-0012","109.99","","0","0",""
"7617836351737","womens-neptune-jacket","Women's Neptune Jacket","mens, mens-jackets","REPLACE","44837300764921","42741699838201","MERGE","20","10132-001-0013","109.99","","9","0",""
"7617836351737","womens-neptune-jacket","Women's Neptune Jacket","mens, mens-jackets","REPLACE","44837300797689","42741699870969","MERGE","21","10132-001-0014","109.99","","39","0",""
"7617836351737","womens-neptune-jacket","Women's Neptune Jacket","mens, mens-jackets","REPLACE","44837300830457","42741699903737","MERGE","22","10132-001-0015","109.99","","8","0",""
"7617836351737","womens-neptune-jacket","Women's Neptune Jacket","mens, mens-jackets","REPLACE","44837300863225","42741699936505","MERGE","23","10132-001-0016","109.99","","8","0",""
"7617836351737","womens-neptune-jacket","Women's Neptune Jacket","mens, mens-jackets","REPLACE","44837300895993","42741699969273","MERGE","24","10132-001-0017","109.99","","9","0",""
"7617836941561","kodiak-insulated-flannel-shirt","Kodiak Insulated Flannel Shirt","","REPLACE","46050648260857","43954408128761","MERGE","1","40018-432-0013","49.99","99.99","17","0",""
"7617836941561","kodiak-insulated-flannel-shirt","Kodiak Insulated Flannel Shirt","","REPLACE","46050648293625","43954408161529","MERGE","2","40018-432-0014","49.99","99.99","0","0",""
"7617836941561","kodiak-insulated-flannel-shirt","Kodiak Insulated Flannel Shirt","","REPLACE","46050648326393","43954408194297","MERGE","3","40018-432-0015","49.99","99.99","0","0",""
"7617836941561","kodiak-insulated-flannel-shirt","Kodiak Insulated Flannel Shirt","","REPLACE","46050648359161","43954408227065","MERGE","4","40018-432-0016","49.99","99.99","0","0",""
"7617836941561","kodiak-insulated-flannel-shirt","Kodiak Insulated Flannel Shirt","","REPLACE","46050648391929","43954408259833","MERGE","5","40018-432-0017","49.99","99.99","0","0",""
"7617836941561","kodiak-insulated-flannel-shirt","Kodiak Insulated Flannel Shirt","","REPLACE","46050648424697","43954408292601","MERGE","6","40018-432-0018","49.99","99.99","1","0",""
"7617836941561","kodiak-insulated-flannel-shirt","Kodiak Insulated Flannel Shirt","","REPLACE","45180585017593","43085029409017","MERGE","7","40018-994-0013","49.99","99.99","0","0",""
"7617836941561","kodiak-insulated-flannel-shirt","Kodiak Insulated Flannel Shirt","","REPLACE","45180585050361","43085029441785","MERGE","8","40018-994-0014","49.99","99.99","0","0",""
"7617836941561","kodiak-insulated-flannel-shirt","Kodiak Insulated Flannel Shirt","","REPLACE","45180585083129","43085029474553","MERGE","9","40018-994-0015","49.99","99.99","0","0",""
"7617836941561","kodiak-insulated-flannel-shirt","Kodiak Insulated Flannel Shirt","","REPLACE","45180585115897","43085029507321","MERGE","10","40018-994-0016","49.99","99.99","0","0",""
"7617836941561","kodiak-insulated-flannel-shirt","Kodiak Insulated Flannel Shirt","","REPLACE","45180585148665","43085029540089","MERGE","11","40018-994-0017","49.99","99.99","0","0",""
"7617836941561","kodiak-insulated-flannel-shirt","Kodiak Insulated Flannel Shirt","","REPLACE","45180585181433","43085029572857","MERGE","12","40018-994-0018","49.99","99.99","0","0",""
"7617836941561","kodiak-insulated-flannel-shirt","Kodiak Insulated Flannel Shirt","","REPLACE","46050648064249","43954407932153","MERGE","13","40018-343-0013","49.99","99.99","0","0",""
"7617836941561","kodiak-insulated-flannel-shirt","Kodiak Insulated Flannel Shirt","","REPLACE","46050648097017","43954407964921","MERGE","14","40018-343-0014","49.99","99.99","0","0",""
"7617836941561","kodiak-insulated-flannel-shirt","Kodiak Insulated Flannel Shirt","","REPLACE","46050648129785","43954407997689","MERGE","15","40018-343-0015","49.99","99.99","0","0",""
"7617836941561","kodiak-insulated-flannel-shirt","Kodiak Insulated Flannel Shirt","","REPLACE","46050648162553","43954408030457","MERGE","16","40018-343-0016","49.99","99.99","0","0",""
"7617836941561","kodiak-insulated-flannel-shirt","Kodiak Insulated Flannel Shirt","","REPLACE","46050648195321","43954408063225","MERGE","17","40018-343-0017","49.99","99.99","-1","0",""
"7617836941561","kodiak-insulated-flannel-shirt","Kodiak Insulated Flannel Shirt","","REPLACE","46050648228089","43954408095993","MERGE","18","40018-343-0018","49.99","99.99","0","0",""
"7617837465849","support-local-fisherman","Support Your Local Fisherman","mens, Sale, Sale 2, short-sleeve, t-shirt, tag__hot_Sale","REPLACE","44837320720633","42741719793913","MERGE","1","50153-402-0001","22.49","29.99","0","0",""
"7617837138169","tourney-bib","Tourney Bib","","REPLACE","48259907911929","46175424053497","MERGE","1","10140-100-0012","139.99","","0","0",""
"7617837138169","tourney-bib","Tourney Bib","","REPLACE","48259907944697","46175424086265","MERGE","2","10140-100-0013","139.99","","0","0",""
"7617837138169","tourney-bib","Tourney Bib","","REPLACE","48259907977465","46175424119033","MERGE","3","10140-100-0014","139.99","","0","0",""
"7617837138169","tourney-bib","Tourney Bib","","REPLACE","48259908010233","46175424151801","MERGE","4","10140-100-0015","139.99","","3","0",""
"7617837138169","tourney-bib","Tourney Bib","","REPLACE","48259908043001","46175424184569","MERGE","5","10140-100-0016","139.99","","1","0",""
"7617837138169","tourney-bib","Tourney Bib","","REPLACE","48259908075769","46175424217337","MERGE","6","10140-100-0017","139.99","","7","0",""
"7617837138169","tourney-bib","Tourney Bib","","REPLACE","48259908108537","46175424250105","MERGE","7","10140-100-0018","139.99","","0","0",""
"7617837138169","tourney-bib","Tourney Bib","","REPLACE","44837316722937","42741715796217","MERGE","8","10140-053-0012","139.99","","0","0",""
"7617837138169","tourney-bib","Tourney Bib","","REPLACE","44837316755705","42741715828985","MERGE","9","10140-053-0013","139.99","","2","0",""
"7617837138169","tourney-bib","Tourney Bib","","REPLACE","44837316788473","42741715861753","MERGE","10","10140-053-0014","139.99","","0","0",""
"7617837138169","tourney-bib","Tourney Bib","","REPLACE","44837316821241","42741715894521","MERGE","11","10140-053-0015","139.99","","0","0",""
"7617837138169","tourney-bib","Tourney Bib","","REPLACE","44837316854009","42741715927289","MERGE","12","10140-053-0016","139.99","","2","0",""
"7617837138169","tourney-bib","Tourney Bib","","REPLACE","44837316886777","42741715960057","MERGE","13","10140-053-0017","139.99","","4","0",""
"7617837138169","tourney-bib","Tourney Bib","","REPLACE","44837316919545","42741715992825","MERGE","14","10140-053-0018","139.99","","0","0",""
"7617837138169","tourney-bib","Tourney Bib","","REPLACE","45722510065913","43628822757625","MERGE","15","10140-029-0012","139.99","0.00","0","0",""
"7617837138169","tourney-bib","Tourney Bib","","REPLACE","44837316526329","42741715599609","MERGE","16","10140-029-0013","139.99","","0","0",""
"7617837138169","tourney-bib","Tourney Bib","","REPLACE","44837316559097","42741715632377","MERGE","17","10140-029-0014","139.99","","0","0",""
"7617837138169","tourney-bib","Tourney Bib","","REPLACE","44837316591865","42741715665145","MERGE","18","10140-029-0015","139.99","","2","0",""
"7617837138169","tourney-bib","Tourney Bib","","REPLACE","44837316624633","42741715697913","MERGE","19","10140-029-0016","139.99","","0","0",""
"7617837138169","tourney-bib","Tourney Bib","","REPLACE","44837316657401","42741715730681","MERGE","20","10140-029-0017","139.99","","0","0",""
"7617837138169","tourney-bib","Tourney Bib","","REPLACE","44837316690169","42741715763449","MERGE","21","10140-029-0018","139.99","","1","0",""
"7617837203705","tourney-jacket","Tourney Jacket","mens, mens-jackets","REPLACE","48259909812473","46175425954041","MERGE","1","10139-100-0013","149.99","","0","0",""
"7617837203705","tourney-jacket","Tourney Jacket","mens, mens-jackets","REPLACE","48259909845241","46175425986809","MERGE","2","10139-100-0014","149.99","","4","0",""
"7617837203705","tourney-jacket","Tourney Jacket","mens, mens-jackets","REPLACE","48259909878009","46175426019577","MERGE","3","10139-100-0015","149.99","","2","0",""
"7617837203705","tourney-jacket","Tourney Jacket","mens, mens-jackets","REPLACE","48259909910777","46175426052345","MERGE","4","10139-100-0016","149.99","","1","0",""
"7617837203705","tourney-jacket","Tourney Jacket","mens, mens-jackets","REPLACE","48259909943545","46175426085113","MERGE","5","10139-100-0017","149.99","","1","0",""
"7617837203705","tourney-jacket","Tourney Jacket","mens, mens-jackets","REPLACE","48259909976313","46175426117881","MERGE","6","10139-100-0018","149.99","","0","0",""
"7617837203705","tourney-jacket","Tourney Jacket","mens, mens-jackets","REPLACE","44837318295801","42741717369081","MERGE","7","10139-418-0013","149.99","","0","0",""
"7617837203705","tourney-jacket","Tourney Jacket","mens, mens-jackets","REPLACE","44837318328569","42741717401849","MERGE","8","10139-418-0014","149.99","","16","0",""
"7617837203705","tourney-jacket","Tourney Jacket","mens, mens-jackets","REPLACE","44837318361337","42741717434617","MERGE","9","10139-418-0015","149.99","","11","0",""
"7617837203705","tourney-jacket","Tourney Jacket","mens, mens-jackets","REPLACE","44837318394105","42741717467385","MERGE","10","10139-418-0016","149.99","","21","0",""
"7617837203705","tourney-jacket","Tourney Jacket","mens, mens-jackets","REPLACE","44837318426873","42741717500153","MERGE","11","10139-418-0017","149.99","","3","0",""
"7617837203705","tourney-jacket","Tourney Jacket","mens, mens-jackets","REPLACE","44837318459641","42741717532921","MERGE","12","10139-418-0018","149.99","","0","0",""
"7617837203705","tourney-jacket","Tourney Jacket","mens, mens-jackets","REPLACE","45787776975097","43693346685177","MERGE","13","10139-061-0013","149.99","","0","0",""
"7617837203705","tourney-jacket","Tourney Jacket","mens, mens-jackets","REPLACE","45787777007865","43693346717945","MERGE","14","10139-061-0014","149.99","","0","0",""
"7617837203705","tourney-jacket","Tourney Jacket","mens, mens-jackets","REPLACE","45787777040633","43693346750713","MERGE","15","10139-061-0015","149.99","","0","0",""
"7617837203705","tourney-jacket","Tourney Jacket","mens, mens-jackets","REPLACE","45787777073401","43693346783481","MERGE","16","10139-061-0016","149.99","","1","0",""
"7617837203705","tourney-jacket","Tourney Jacket","mens, mens-jackets","REPLACE","45787777106169","43693346816249","MERGE","17","10139-061-0017","149.99","","2","0",""
"7617837203705","tourney-jacket","Tourney Jacket","mens, mens-jackets","REPLACE","45787777138937","43693346849017","MERGE","18","10139-061-0018","149.99","","5","0",""
"7617837203705","tourney-jacket","Tourney Jacket","mens, mens-jackets","REPLACE","44837317968121","42741717041401","MERGE","19","10139-053-0013","149.99","","7","0",""
"7617837203705","tourney-jacket","Tourney Jacket","mens, mens-jackets","REPLACE","44837318000889","42741717074169","MERGE","20","10139-053-0014","149.99","","1","0",""
"7617837203705","tourney-jacket","Tourney Jacket","mens, mens-jackets","REPLACE","44837318033657","42741717106937","MERGE","21","10139-053-0015","149.99","","15","0",""
"7617837203705","tourney-jacket","Tourney Jacket","mens, mens-jackets","REPLACE","44837318066425","42741717139705","MERGE","22","10139-053-0016","149.99","","1","0",""
"7617837203705","tourney-jacket","Tourney Jacket","mens, mens-jackets","REPLACE","44837318099193","42741717172473","MERGE","23","10139-053-0017","149.99","","5","0",""
"7617837203705","tourney-jacket","Tourney Jacket","mens, mens-jackets","REPLACE","44837318131961","42741717205241","MERGE","24","10139-053-0018","149.99","","6","0",""
"7617837203705","tourney-jacket","Tourney Jacket","mens, mens-jackets","REPLACE","44837318590713","42741717663993","MERGE","25","10139-801-0013","149.99","","0","0",""
"7617837203705","tourney-jacket","Tourney Jacket","mens, mens-jackets","REPLACE","44837318623481","42741717696761","MERGE","26","10139-801-0014","149.99","","0","0",""
"7617837203705","tourney-jacket","Tourney Jacket","mens, mens-jackets","REPLACE","44837318656249","42741717729529","MERGE","27","10139-801-0015","149.99","","0","0",""
"7617837203705","tourney-jacket","Tourney Jacket","mens, mens-jackets","REPLACE","44837318689017","42741717762297","MERGE","28","10139-801-0016","149.99","","0","0",""
"7617837203705","tourney-jacket","Tourney Jacket","mens, mens-jackets","REPLACE","44837318721785","42741717795065","MERGE","29","10139-801-0017","149.99","","0","0",""
"7617837203705","tourney-jacket","Tourney Jacket","mens, mens-jackets","REPLACE","44837318754553","42741717827833","MERGE","30","10139-801-0018","149.99","","0","0",""
"7617837727993","buoy-x-gore-tex-bib","Buoy X GORE-TEX® Bib","","REPLACE","45787787165945","43693356712185","MERGE","1","10316-025-0013","249.99","","0","0","true"
"7617837727993","buoy-x-gore-tex-bib","Buoy X GORE-TEX® Bib","","REPLACE","45787787198713","43693356810489","MERGE","2","10316-025-0014","249.99","","0","0","true"
"7617837727993","buoy-x-gore-tex-bib","Buoy X GORE-TEX® Bib","","REPLACE","45787787231481","43693356876025","MERGE","3","10316-025-0015","249.99","","0","0","true"
"7617837727993","buoy-x-gore-tex-bib","Buoy X GORE-TEX® Bib","","REPLACE","45787787264249","43693356941561","MERGE","4","10316-025-0016","249.99","","0","0","true"
"7617837727993","buoy-x-gore-tex-bib","Buoy X GORE-TEX® Bib","","REPLACE","45787787297017","43693357007097","MERGE","5","10316-025-0017","249.99","","0","0","true"
"7617837727993","buoy-x-gore-tex-bib","Buoy X GORE-TEX® Bib","","REPLACE","45787787329785","43693357039865","MERGE","6","10316-025-0018","249.99","","0","0","true"
"7617837727993","buoy-x-gore-tex-bib","Buoy X GORE-TEX® Bib","","REPLACE","44837324390649","42741723463929","MERGE","7","10316-001-0013","249.99","489.99","0","0","true"
"7617837727993","buoy-x-gore-tex-bib","Buoy X GORE-TEX® Bib","","REPLACE","44837324423417","42741723496697","MERGE","8","10316-001-0014","249.99","489.99","0","0","true"
"7617837727993","buoy-x-gore-tex-bib","Buoy X GORE-TEX® Bib","","REPLACE","44837324456185","42741723529465","MERGE","9","10316-001-0015","249.99","489.99","0","0","true"
"7617837727993","buoy-x-gore-tex-bib","Buoy X GORE-TEX® Bib","","REPLACE","44837324488953","42741723562233","MERGE","10","10316-001-0016","249.99","489.99","0","0","true"
"7617837727993","buoy-x-gore-tex-bib","Buoy X GORE-TEX® Bib","","REPLACE","44837324521721","42741723595001","MERGE","11","10316-001-0017","249.99","489.99","0","0","true"
"7617837727993","buoy-x-gore-tex-bib","Buoy X GORE-TEX® Bib","","REPLACE","44837324554489","42741723627769","MERGE","12","10316-001-0018","249.99","489.99","0","0","true"
"7617837727993","buoy-x-gore-tex-bib","Buoy X GORE-TEX® Bib","","REPLACE","44837324587257","42741723660537","MERGE","13","10316-801-0013","249.99","489.99","0","0","true"
"7617837727993","buoy-x-gore-tex-bib","Buoy X GORE-TEX® Bib","","REPLACE","44837324620025","42741723693305","MERGE","14","10316-801-0014","249.99","489.99","0","0","true"
"7617837727993","buoy-x-gore-tex-bib","Buoy X GORE-TEX® Bib","","REPLACE","44837324652793","42741723726073","MERGE","15","10316-801-0015","249.99","489.99","0","0","true"
"7617837727993","buoy-x-gore-tex-bib","Buoy X GORE-TEX® Bib","","REPLACE","44837324685561","42741723758841","MERGE","16","10316-801-0016","249.99","489.99","0","0","true"
"7617837727993","buoy-x-gore-tex-bib","Buoy X GORE-TEX® Bib","","REPLACE","44837324718329","42741723791609","MERGE","17","10316-801-0017","249.99","489.99","0","0","true"
"7617837727993","buoy-x-gore-tex-bib","Buoy X GORE-TEX® Bib","","REPLACE","44837324751097","42741723824377","MERGE","18","10316-801-0018","249.99","489.99","0","0","true"
"7617836482809","deck-boss-ankle-boots","Deck-Boss Ankle Boot","","REPLACE","49520390996217","47432627028217","MERGE","1","60008-080-1080","114.99","","0","0",""
"7617836482809","deck-boss-ankle-boots","Deck-Boss Ankle Boot","","REPLACE","49520391028985","47432627060985","MERGE","2","60008-080-1090","114.99","","0","0",""
"7617836482809","deck-boss-ankle-boots","Deck-Boss Ankle Boot","","REPLACE","49520391061753","47432627093753","MERGE","3","60008-080-1100","124.99","","0","0",""
"7617836482809","deck-boss-ankle-boots","Deck-Boss Ankle Boot","","REPLACE","49520391094521","47432627126521","MERGE","4","60008-080-1110","124.99","","0","0",""
"7617836482809","deck-boss-ankle-boots","Deck-Boss Ankle Boot","","REPLACE","49520391127289","47432627159289","MERGE","5","60008-080-1120","124.99","","1","0",""
"7617836482809","deck-boss-ankle-boots","Deck-Boss Ankle Boot","","REPLACE","49520391160057","47432627192057","MERGE","6","60008-080-1130","124.99","","2","0",""
"7617836482809","deck-boss-ankle-boots","Deck-Boss Ankle Boot","","REPLACE","49520391192825","47432627224825","MERGE","7","60008-080-1140","124.99","","2","0",""
"7617836482809","deck-boss-ankle-boots","Deck-Boss Ankle Boot","","REPLACE","49122227421433","47035843346681","MERGE","8","60008-928-1008","114.99","","4","0",""
"7617836482809","deck-boss-ankle-boots","Deck-Boss Ankle Boot","","REPLACE","49122227454201","47035843379449","MERGE","9","60008-928-1009","114.99","","42","0",""
"7617836482809","deck-boss-ankle-boots","Deck-Boss Ankle Boot","","REPLACE","49122227486969","47035843412217","MERGE","10","60008-928-1010","114.99","","49","0",""
"7617836482809","deck-boss-ankle-boots","Deck-Boss Ankle Boot","","REPLACE","49122227519737","47035843444985","MERGE","11","60008-928-1011","114.99","","48","0",""
"7617836482809","deck-boss-ankle-boots","Deck-Boss Ankle Boot","","REPLACE","49122227552505","47035843477753","MERGE","12","60008-928-1012","114.99","","30","0",""
"7617836482809","deck-boss-ankle-boots","Deck-Boss Ankle Boot","","REPLACE","49122227585273","47035843510521","MERGE","13","60008-928-1013","114.99","","40","0",""
"7617836482809","deck-boss-ankle-boots","Deck-Boss Ankle Boot","","REPLACE","49122227618041","47035843543289","MERGE","14","60008-928-1014","114.99","","0","0",""
"7617836482809","deck-boss-ankle-boots","Deck-Boss Ankle Boot","","REPLACE","48259800137977","46175316115705","MERGE","15","60008-924-1008","124.99","","3","0",""
"7617836482809","deck-boss-ankle-boots","Deck-Boss Ankle Boot","","REPLACE","48259800170745","46175316148473","MERGE","16","60008-924-1009","124.99","","4","0",""
"7617836482809","deck-boss-ankle-boots","Deck-Boss Ankle Boot","","REPLACE","48259800203513","46175316181241","MERGE","17","60008-924-1010","124.99","","5","0",""
"7617836482809","deck-boss-ankle-boots","Deck-Boss Ankle Boot","","REPLACE","48259800236281","46175316214009","MERGE","18","60008-924-1011","124.99","","2","0",""
"7617836482809","deck-boss-ankle-boots","Deck-Boss Ankle Boot","","REPLACE","48259800269049","46175316246777","MERGE","19","60008-924-1012","124.99","","4","0",""
"7617836482809","deck-boss-ankle-boots","Deck-Boss Ankle Boot","","REPLACE","48259800301817","46175316279545","MERGE","20","60008-924-1013","124.99","","0","0",""
"7617836482809","deck-boss-ankle-boots","Deck-Boss Ankle Boot","","REPLACE","48259800334585","46175316312313","MERGE","21","60008-924-1014","124.99","","0","0",""
"7617836482809","deck-boss-ankle-boots","Deck-Boss Ankle Boot","","REPLACE","44837304402169","42741703475449","MERGE","22","60008-030-1008","114.99","","81","0",""
"7617836482809","deck-boss-ankle-boots","Deck-Boss Ankle Boot","","REPLACE","44837304434937","42741703508217","MERGE","23","60008-030-1009","114.99","","221","0",""
"7617836482809","deck-boss-ankle-boots","Deck-Boss Ankle Boot","","REPLACE","44837304467705","42741703540985","MERGE","24","60008-030-1010","114.99","","356","0",""
"7617836482809","deck-boss-ankle-boots","Deck-Boss Ankle Boot","","REPLACE","44837304500473","42741703573753","MERGE","25","60008-030-1011","114.99","","409","0",""
"7617836482809","deck-boss-ankle-boots","Deck-Boss Ankle Boot","","REPLACE","44837304533241","42741703606521","MERGE","26","60008-030-1012","114.99","","329","0",""
"7617836482809","deck-boss-ankle-boots","Deck-Boss Ankle Boot","","REPLACE","44837304566009","42741703639289","MERGE","27","60008-030-1013","114.99","","30","0",""
"7617836482809","deck-boss-ankle-boots","Deck-Boss Ankle Boot","","REPLACE","44837304598777","42741703672057","MERGE","28","60008-030-1014","114.99","","46","0",""
"7617836482809","deck-boss-ankle-boots","Deck-Boss Ankle Boot","","REPLACE","46520996495609","44424122728697","MERGE","29","60008-908-1008","119.99","","3","0",""
"7617836482809","deck-boss-ankle-boots","Deck-Boss Ankle Boot","","REPLACE","46520996528377","44424122761465","MERGE","30","60008-908-1009","119.99","","1","0",""
"7617836482809","deck-boss-ankle-boots","Deck-Boss Ankle Boot","","REPLACE","46520996561145","44424122827001","MERGE","31","60008-908-1010","119.99","","0","0",""
"7617836482809","deck-boss-ankle-boots","Deck-Boss Ankle Boot","","REPLACE","46520996593913","44424122925305","MERGE","32","60008-908-1011","119.99","","0","0",""
"7617836482809","deck-boss-ankle-boots","Deck-Boss Ankle Boot","","REPLACE","46520996626681","44424122990841","MERGE","33","60008-908-1012","119.99","","-1","0",""
"7617836482809","deck-boss-ankle-boots","Deck-Boss Ankle Boot","","REPLACE","46520996659449","44424123056377","MERGE","34","60008-908-1013","119.99","","1","0",""
"7617836482809","deck-boss-ankle-boots","Deck-Boss Ankle Boot","","REPLACE","46520996692217","44424123121913","MERGE","35","60008-908-1014","119.99","","0","0",""
"7617836482809","deck-boss-ankle-boots","Deck-Boss Ankle Boot","","REPLACE","44837303943417","42741703016697","MERGE","36","60008-001-1008","114.99","","14","0",""
"7617836482809","deck-boss-ankle-boots","Deck-Boss Ankle Boot","","REPLACE","44837303976185","42741703049465","MERGE","37","60008-001-1009","114.99","","87","0",""
"7617836482809","deck-boss-ankle-boots","Deck-Boss Ankle Boot","","REPLACE","44837304008953","42741703082233","MERGE","38","60008-001-1010","114.99","","268","0",""
"7617836482809","deck-boss-ankle-boots","Deck-Boss Ankle Boot","","REPLACE","44837304041721","42741703115001","MERGE","39","60008-001-1011","114.99","","307","0",""
"7617836482809","deck-boss-ankle-boots","Deck-Boss Ankle Boot","","REPLACE","44837304074489","42741703147769","MERGE","40","60008-001-1012","114.99","","201","0",""
"7617836482809","deck-boss-ankle-boots","Deck-Boss Ankle Boot","","REPLACE","44837304107257","42741703180537","MERGE","41","60008-001-1013","114.99","","16","0",""
"7617836482809","deck-boss-ankle-boots","Deck-Boss Ankle Boot","","REPLACE","44837304140025","42741703213305","MERGE","42","60008-001-1014","114.99","","122","0",""
"7617836482809","deck-boss-ankle-boots","Deck-Boss Ankle Boot","","REPLACE","46520996266233","44424122499321","MERGE","43","60008-355-1008","114.99","","40","0",""
"7617836482809","deck-boss-ankle-boots","Deck-Boss Ankle Boot","","REPLACE","46520996299001","44424122532089","MERGE","44","60008-355-1009","114.99","","3","0",""
"7617836482809","deck-boss-ankle-boots","Deck-Boss Ankle Boot","","REPLACE","46520996331769","44424122564857","MERGE","45","60008-355-1010","114.99","","7","0",""
"7617836482809","deck-boss-ankle-boots","Deck-Boss Ankle Boot","","REPLACE","46520996364537","44424122597625","MERGE","46","60008-355-1011","114.99","","12","0",""
"7617836482809","deck-boss-ankle-boots","Deck-Boss Ankle Boot","","REPLACE","46520996397305","44424122630393","MERGE","47","60008-355-1012","114.99","","73","0",""
"7617836482809","deck-boss-ankle-boots","Deck-Boss Ankle Boot","","REPLACE","46520996430073","44424122663161","MERGE","48","60008-355-1013","114.99","","31","0",""
"7617836482809","deck-boss-ankle-boots","Deck-Boss Ankle Boot","","REPLACE","46520996462841","44424122695929","MERGE","49","60008-355-1014","114.99","","2","0",""
"7617836482809","deck-boss-ankle-boots","Deck-Boss Ankle Boot","","REPLACE","45789487104249","43695042199801","MERGE","50","60008-410-1008","114.99","","6","0",""
"7617836482809","deck-boss-ankle-boots","Deck-Boss Ankle Boot","","REPLACE","45789487137017","43695042232569","MERGE","51","60008-410-1009","114.99","","26","0",""
"7617836482809","deck-boss-ankle-boots","Deck-Boss Ankle Boot","","REPLACE","45789487169785","43695042265337","MERGE","52","60008-410-1010","114.99","","53","0",""
"7617836482809","deck-boss-ankle-boots","Deck-Boss Ankle Boot","","REPLACE","45789487202553","43695042298105","MERGE","53","60008-410-1011","114.99","","93","0",""
"7617836482809","deck-boss-ankle-boots","Deck-Boss Ankle Boot","","REPLACE","45789487235321","43695042330873","MERGE","54","60008-410-1012","114.99","","39","0",""
"7617836482809","deck-boss-ankle-boots","Deck-Boss Ankle Boot","","REPLACE","45789487268089","43695042363641","MERGE","55","60008-410-1013","114.99","","69","0",""
"7617836482809","deck-boss-ankle-boots","Deck-Boss Ankle Boot","","REPLACE","45789487300857","43695042396409","MERGE","56","60008-410-1014","114.99","","17","0",""
"7617836482809","deck-boss-ankle-boots","Deck-Boss Ankle Boot","","REPLACE","44837302960377","42741702033657","MERGE","57","60008-101-1008","114.99","","8","0",""
"7617836482809","deck-boss-ankle-boots","Deck-Boss Ankle Boot","","REPLACE","44837302993145","42741702066425","MERGE","58","60008-101-1009","114.99","","32","0",""
"7617836482809","deck-boss-ankle-boots","Deck-Boss Ankle Boot","","REPLACE","44837302796537","42741701869817","MERGE","59","60008-101-1010","114.99","","1","0",""
"7617836482809","deck-boss-ankle-boots","Deck-Boss Ankle Boot","","REPLACE","44837302829305","42741701902585","MERGE","60","60008-101-1011","114.99","","7","0",""
"7617836482809","deck-boss-ankle-boots","Deck-Boss Ankle Boot","","REPLACE","44837302862073","42741701935353","MERGE","61","60008-101-1012","114.99","","5","0",""
"7617836482809","deck-boss-ankle-boots","Deck-Boss Ankle Boot","","REPLACE","44837302894841","42741701968121","MERGE","62","60008-101-1013","114.99","","37","0",""
"7617836482809","deck-boss-ankle-boots","Deck-Boss Ankle Boot","","REPLACE","44837302927609","42741702000889","MERGE","63","60008-101-1014","114.99","","17","0",""
"7617838481657","neptune-bib-refraction-camo","Neptune Bib Refraction Camo","commercial, medium, mens, mens-bibs, Sale, Sale 2, sport, tag__hot_Sale","REPLACE","44837333139705","42741732212985","MERGE","1","10075-204-0012","119.99","","4","0",""
"7617838481657","neptune-bib-refraction-camo","Neptune Bib Refraction Camo","commercial, medium, mens, mens-bibs, Sale, Sale 2, sport, tag__hot_Sale","REPLACE","44837333172473","42741732245753","MERGE","2","10075-204-0013","119.99","","1","0",""
"7617838481657","neptune-bib-refraction-camo","Neptune Bib Refraction Camo","commercial, medium, mens, mens-bibs, Sale, Sale 2, sport, tag__hot_Sale","REPLACE","44837333205241","42741732278521","MERGE","3","10075-204-0014","119.99","","13","0",""
"7617838481657","neptune-bib-refraction-camo","Neptune Bib Refraction Camo","commercial, medium, mens, mens-bibs, Sale, Sale 2, sport, tag__hot_Sale","REPLACE","44837333238009","42741732311289","MERGE","4","10075-204-0015","119.99","","11","0",""
"7617838481657","neptune-bib-refraction-camo","Neptune Bib Refraction Camo","commercial, medium, mens, mens-bibs, Sale, Sale 2, sport, tag__hot_Sale","REPLACE","44837333270777","42741732344057","MERGE","5","10075-204-0016","119.99","","2","0",""
"7617838481657","neptune-bib-refraction-camo","Neptune Bib Refraction Camo","commercial, medium, mens, mens-bibs, Sale, Sale 2, sport, tag__hot_Sale","REPLACE","44837333303545","42741732376825","MERGE","6","10075-204-0017","119.99","","5","0",""
"7617838481657","neptune-bib-refraction-camo","Neptune Bib Refraction Camo","commercial, medium, mens, mens-bibs, Sale, Sale 2, sport, tag__hot_Sale","REPLACE","44837333336313","42741732409593","MERGE","7","10075-204-0018","119.99","","4","0",""
"7617837957369","charter-gore-tex-jacket","Charter GORE-TEX® Jacket","gore-tex, light, mens, mens-jackets, sport, waterproof, zip","REPLACE","44837325832441","42741724905721","MERGE","1","10324-418-0013","119.99","299.99","0","0",""
"7617837957369","charter-gore-tex-jacket","Charter GORE-TEX® Jacket","gore-tex, light, mens, mens-jackets, sport, waterproof, zip","REPLACE","44837325865209","42741724938489","MERGE","2","10324-418-0014","119.99","299.99","0","0",""
"7617837957369","charter-gore-tex-jacket","Charter GORE-TEX® Jacket","gore-tex, light, mens, mens-jackets, sport, waterproof, zip","REPLACE","44837325897977","42741724971257","MERGE","3","10324-418-0015","119.99","299.99","0","0",""
"7617837957369","charter-gore-tex-jacket","Charter GORE-TEX® Jacket","gore-tex, light, mens, mens-jackets, sport, waterproof, zip","REPLACE","44837325930745","42741725004025","MERGE","4","10324-418-0016","119.99","299.99","1","0",""
"7617837957369","charter-gore-tex-jacket","Charter GORE-TEX® Jacket","gore-tex, light, mens, mens-jackets, sport, waterproof, zip","REPLACE","44837325963513","42741725036793","MERGE","5","10324-418-0017","119.99","299.99","0","0",""
"7617837957369","charter-gore-tex-jacket","Charter GORE-TEX® Jacket","gore-tex, light, mens, mens-jackets, sport, waterproof, zip","REPLACE","44837325996281","42741725069561","MERGE","6","10324-418-0018","119.99","299.99","0","0",""
"7617837957369","charter-gore-tex-jacket","Charter GORE-TEX® Jacket","gore-tex, light, mens, mens-jackets, sport, waterproof, zip","REPLACE","45787819540729","43693389250809","MERGE","7","10324-342-0013","119.99","299.99","0","0",""
"7617837957369","charter-gore-tex-jacket","Charter GORE-TEX® Jacket","gore-tex, light, mens, mens-jackets, sport, waterproof, zip","REPLACE","45787819573497","43693389283577","MERGE","8","10324-342-0014","119.99","299.99","-1","0",""
"7617837957369","charter-gore-tex-jacket","Charter GORE-TEX® Jacket","gore-tex, light, mens, mens-jackets, sport, waterproof, zip","REPLACE","45787819606265","43693389316345","MERGE","9","10324-342-0015","119.99","299.99","0","0",""
"7617837957369","charter-gore-tex-jacket","Charter GORE-TEX® Jacket","gore-tex, light, mens, mens-jackets, sport, waterproof, zip","REPLACE","45787819639033","43693389349113","MERGE","10","10324-342-0016","119.99","299.99","0","0",""
"7617837957369","charter-gore-tex-jacket","Charter GORE-TEX® Jacket","gore-tex, light, mens, mens-jackets, sport, waterproof, zip","REPLACE","45787819671801","43693389381881","MERGE","11","10324-342-0017","119.99","299.99","0","0",""
"7617837957369","charter-gore-tex-jacket","Charter GORE-TEX® Jacket","gore-tex, light, mens, mens-jackets, sport, waterproof, zip","REPLACE","45787819704569","43693389414649","MERGE","12","10324-342-0018","119.99","299.99","0","0",""
"7617837957369","charter-gore-tex-jacket","Charter GORE-TEX® Jacket","gore-tex, light, mens, mens-jackets, sport, waterproof, zip","REPLACE","44837326225657","42741725298937","MERGE","13","10324-025-0013","119.99","299.99","0","0",""
"7617837957369","charter-gore-tex-jacket","Charter GORE-TEX® Jacket","gore-tex, light, mens, mens-jackets, sport, waterproof, zip","REPLACE","44837326258425","42741725331705","MERGE","14","10324-025-0014","119.99","299.99","0","0",""
"7617837957369","charter-gore-tex-jacket","Charter GORE-TEX® Jacket","gore-tex, light, mens, mens-jackets, sport, waterproof, zip","REPLACE","44837326291193","42741725364473","MERGE","15","10324-025-0015","119.99","299.99","0","0",""
"7617837957369","charter-gore-tex-jacket","Charter GORE-TEX® Jacket","gore-tex, light, mens, mens-jackets, sport, waterproof, zip","REPLACE","44837326323961","42741725397241","MERGE","16","10324-025-0016","119.99","299.99","0","0",""
"7617837957369","charter-gore-tex-jacket","Charter GORE-TEX® Jacket","gore-tex, light, mens, mens-jackets, sport, waterproof, zip","REPLACE","44837326356729","42741725430009","MERGE","17","10324-025-0017","119.99","299.99","0","0",""
"7617837957369","charter-gore-tex-jacket","Charter GORE-TEX® Jacket","gore-tex, light, mens, mens-jackets, sport, waterproof, zip","REPLACE","44837326389497","42741725462777","MERGE","18","10324-025-0018","119.99","299.99","0","0",""
"7617837957369","charter-gore-tex-jacket","Charter GORE-TEX® Jacket","gore-tex, light, mens, mens-jackets, sport, waterproof, zip","REPLACE","45373860380921","43280455500025","MERGE","19","10324-984-0013","119.99","299.99","0","0",""
"7617837957369","charter-gore-tex-jacket","Charter GORE-TEX® Jacket","gore-tex, light, mens, mens-jackets, sport, waterproof, zip","REPLACE","45373872046329","43280467099897","MERGE","20","10324-984-0014","119.99","299.99","0","0",""
"7617837957369","charter-gore-tex-jacket","Charter GORE-TEX® Jacket","gore-tex, light, mens, mens-jackets, sport, waterproof, zip","REPLACE","45373876699385","43280471752953","MERGE","21","10324-984-0015","119.99","299.99","0","0",""
"7617837957369","charter-gore-tex-jacket","Charter GORE-TEX® Jacket","gore-tex, light, mens, mens-jackets, sport, waterproof, zip","REPLACE","44837326553337","42741725626617","MERGE","22","10324-984-0016","119.99","299.99","0","0",""
"7617837957369","charter-gore-tex-jacket","Charter GORE-TEX® Jacket","gore-tex, light, mens, mens-jackets, sport, waterproof, zip","REPLACE","44837326586105","42741725659385","MERGE","23","10324-984-0017","119.99","299.99","0","0",""
"7617837957369","charter-gore-tex-jacket","Charter GORE-TEX® Jacket","gore-tex, light, mens, mens-jackets, sport, waterproof, zip","REPLACE","45373880533241","43280475586809","MERGE","24","10324-984-0018","119.99","299.99","0","0",""
"7617838547193","neptune-jacket-refraction-camo","Neptune Jacket Refraction Camo","commercial, Hold, medium, mens, mens-jackets, Sale, Sale 2, sport, tag__hot_Sale, waterproof, zip","REPLACE","44837333795065","42741732868345","MERGE","1","10079-204-0012","119.99","","3","0",""
"7617838547193","neptune-jacket-refraction-camo","Neptune Jacket Refraction Camo","commercial, Hold, medium, mens, mens-jackets, Sale, Sale 2, sport, tag__hot_Sale, waterproof, zip","REPLACE","44837333532921","42741732606201","MERGE","2","10079-204-0013","119.99","","1","0",""
"7617838547193","neptune-jacket-refraction-camo","Neptune Jacket Refraction Camo","commercial, Hold, medium, mens, mens-jackets, Sale, Sale 2, sport, tag__hot_Sale, waterproof, zip","REPLACE","44837333565689","42741732638969","MERGE","3","10079-204-0014","119.99","","12","0",""
"7617838547193","neptune-jacket-refraction-camo","Neptune Jacket Refraction Camo","commercial, Hold, medium, mens, mens-jackets, Sale, Sale 2, sport, tag__hot_Sale, waterproof, zip","REPLACE","44837333598457","42741732671737","MERGE","4","10079-204-0015","119.99","","12","0",""
"7617838547193","neptune-jacket-refraction-camo","Neptune Jacket Refraction Camo","commercial, Hold, medium, mens, mens-jackets, Sale, Sale 2, sport, tag__hot_Sale, waterproof, zip","REPLACE","44837333631225","42741732704505","MERGE","5","10079-204-0016","119.99","","9","0",""
"7617838547193","neptune-jacket-refraction-camo","Neptune Jacket Refraction Camo","commercial, Hold, medium, mens, mens-jackets, Sale, Sale 2, sport, tag__hot_Sale, waterproof, zip","REPLACE","44837333663993","42741732737273","MERGE","6","10079-204-0017","119.99","","0","0",""
"7617838547193","neptune-jacket-refraction-camo","Neptune Jacket Refraction Camo","commercial, Hold, medium, mens, mens-jackets, Sale, Sale 2, sport, tag__hot_Sale, waterproof, zip","REPLACE","44837333696761","42741732770041","MERGE","7","10079-204-0018","119.99","","0","0",""
"8046067450105","displacement-dwr-hoodie-commercial-boat","Commercial Boat Displacement DWR Hoodie","","REPLACE","46333678584057","44236909183225","MERGE","1","50353-033-0013","59.99","79.99","0","0",""
"8046067450105","displacement-dwr-hoodie-commercial-boat","Commercial Boat Displacement DWR Hoodie","","REPLACE","46333678616825","44236909215993","MERGE","2","50353-033-0014","59.99","79.99","60","0",""
"8046067450105","displacement-dwr-hoodie-commercial-boat","Commercial Boat Displacement DWR Hoodie","","REPLACE","46333678649593","44236909248761","MERGE","3","50353-033-0015","59.99","79.99","334","0",""
"8046067450105","displacement-dwr-hoodie-commercial-boat","Commercial Boat Displacement DWR Hoodie","","REPLACE","46333678682361","44236909281529","MERGE","4","50353-033-0016","59.99","79.99","278","0",""
"8046067450105","displacement-dwr-hoodie-commercial-boat","Commercial Boat Displacement DWR Hoodie","","REPLACE","46333678715129","44236909314297","MERGE","5","50353-033-0017","59.99","79.99","148","0",""
"8046067450105","displacement-dwr-hoodie-commercial-boat","Commercial Boat Displacement DWR Hoodie","","REPLACE","46333678747897","44236909347065","MERGE","6","50353-033-0018","59.99","79.99","0","0",""
"7617839857913","gaff-7-short","Gaff 7"" Short","mens, mens-shorts, shorts","REPLACE","44837347033337","42741746106617","MERGE","1","40060-024-5030","74.99","","0","0",""
"7617839857913","gaff-7-short","Gaff 7"" Short","mens, mens-shorts, shorts","REPLACE","44837347066105","42741746139385","MERGE","2","40060-024-5032","74.99","","1","0",""
"7617839857913","gaff-7-short","Gaff 7"" Short","mens, mens-shorts, shorts","REPLACE","44837347098873","42741746172153","MERGE","3","40060-024-5034","74.99","","0","0",""
"7617839857913","gaff-7-short","Gaff 7"" Short","mens, mens-shorts, shorts","REPLACE","44837347131641","42741746204921","MERGE","4","40060-024-5036","74.99","","0","0",""
"7617839857913","gaff-7-short","Gaff 7"" Short","mens, mens-shorts, shorts","REPLACE","44837347164409","42741746237689","MERGE","5","40060-024-5038","74.99","","0","0",""
"7617839857913","gaff-7-short","Gaff 7"" Short","mens, mens-shorts, shorts","REPLACE","44837347197177","42741746270457","MERGE","6","40060-024-5040","74.99","","0","0",""
"7617839857913","gaff-7-short","Gaff 7"" Short","mens, mens-shorts, shorts","REPLACE","44837347229945","42741746303225","MERGE","7","40060-024-5042","74.99","","0","0",""
"7617839857913","gaff-7-short","Gaff 7"" Short","mens, mens-shorts, shorts","REPLACE","44837347492089","42741746565369","MERGE","8","40060-252-5030","74.99","","0","0",""
"7617839857913","gaff-7-short","Gaff 7"" Short","mens, mens-shorts, shorts","REPLACE","44837347524857","42741746598137","MERGE","9","40060-252-5032","74.99","","0","0",""
"7617839857913","gaff-7-short","Gaff 7"" Short","mens, mens-shorts, shorts","REPLACE","44837347557625","42741746630905","MERGE","10","40060-252-5034","74.99","","0","0",""
"7617839857913","gaff-7-short","Gaff 7"" Short","mens, mens-shorts, shorts","REPLACE","44837347590393","42741746663673","MERGE","11","40060-252-5036","74.99","","0","0",""
"7617839857913","gaff-7-short","Gaff 7"" Short","mens, mens-shorts, shorts","REPLACE","44837347623161","42741746696441","MERGE","12","40060-252-5038","74.99","","0","0",""
"7617839857913","gaff-7-short","Gaff 7"" Short","mens, mens-shorts, shorts","REPLACE","44837347655929","42741746729209","MERGE","13","40060-252-5040","74.99","","1","0",""
"7617839857913","gaff-7-short","Gaff 7"" Short","mens, mens-shorts, shorts","REPLACE","44837347688697","42741746761977","MERGE","14","40060-252-5042","74.99","","1","0",""
"8046067745017","g-trout-hoodie","G Trout Hoodie","","REPLACE","46457240289529","44360443035897","MERGE","1","50363-033-0013","64.99","64.99","0","0",""
"8046067745017","g-trout-hoodie","G Trout Hoodie","","REPLACE","46457240322297","44360443068665","MERGE","2","50363-033-0014","64.99","64.99","0","0",""
"8046067745017","g-trout-hoodie","G Trout Hoodie","","REPLACE","46457240355065","44360443101433","MERGE","3","50363-033-0015","64.99","64.99","0","0",""
"8046067745017","g-trout-hoodie","G Trout Hoodie","","REPLACE","46457240387833","44360443134201","MERGE","4","50363-033-0016","64.99","64.99","0","0",""
"8046067745017","g-trout-hoodie","G Trout Hoodie","","REPLACE","46457240420601","44360443166969","MERGE","5","50363-033-0017","64.99","64.99","0","0",""
"8046067745017","g-trout-hoodie","G Trout Hoodie","","REPLACE","46457240453369","44360443199737","MERGE","6","50363-033-0018","64.99","64.99","2","0",""
"8046067777785","g-trout-ls-tech-tee","G Trout LS Tech Tee","mens, t-shirts","REPLACE","46333679337721","44236909936889","MERGE","1","50364-358-0013","34.99","34.99","0","0",""
"8046067777785","g-trout-ls-tech-tee","G Trout LS Tech Tee","mens, t-shirts","REPLACE","46333679370489","44236909969657","MERGE","2","50364-358-0014","34.99","34.99","0","0",""
"8046067777785","g-trout-ls-tech-tee","G Trout LS Tech Tee","mens, t-shirts","REPLACE","46333679403257","44236910002425","MERGE","3","50364-358-0015","39.99","39.99","0","0",""
"8046067777785","g-trout-ls-tech-tee","G Trout LS Tech Tee","mens, t-shirts","REPLACE","46333679436025","44236910035193","MERGE","4","50364-358-0016","34.99","34.99","0","0",""
"8046067777785","g-trout-ls-tech-tee","G Trout LS Tech Tee","mens, t-shirts","REPLACE","46333679468793","44236910067961","MERGE","5","50364-358-0017","39.99","39.99","0","0",""
"8046067777785","g-trout-ls-tech-tee","G Trout LS Tech Tee","mens, t-shirts","REPLACE","46333679501561","44236910100729","MERGE","6","50364-358-0018","34.99","34.99","0","0",""
"8046067843321","g-trout-se-trucker","G Trout SE Trucker","hats","REPLACE","46331575009529","44234805608697","MERGE","1","50365-005-0001","29.99","29.99","0","0",""
"8046067908857","g-trout-trucker","G Trout Trucker","hats","REPLACE","46331575075065","44234805674233","MERGE","1","50367-410-0001","26.99","34.99","645","0",""
"8046067908857","g-trout-trucker","G Trout Trucker","hats","REPLACE","46451195445497","44354400977145","MERGE","2","50367-001-0001","26.99","34.99","305","0",""
"8046068072697","icon-anchor-trucker","Icon Anchor Trucker","hats","REPLACE","46333679730937","44236910330105","MERGE","1","50369-024-0001","21.99","29.99","227","0",""
"8046068072697","icon-anchor-trucker","Icon Anchor Trucker","hats","REPLACE","46333679763705","44236910362873","MERGE","2","50369-410-0001","21.99","29.99","199","0",""
"8046068105465","king-classic-rope","King Classic Rope","hats","REPLACE","46331576680697","44234807279865","MERGE","1","50370-001-0001","29.99","29.99","11","0",""
"8046067876089","g-trout-ss-t-shirt","G Trout SS T-Shirt","mens, t-shirts","REPLACE","46457241960697","44360444707065","MERGE","1","50366-358-0013","24.99","24.99","50","0",""
"8046067876089","g-trout-ss-t-shirt","G Trout SS T-Shirt","mens, t-shirts","REPLACE","46457241993465","44360444739833","MERGE","2","50366-358-0014","24.99","24.99","0","0",""
"8046067876089","g-trout-ss-t-shirt","G Trout SS T-Shirt","mens, t-shirts","REPLACE","46457242026233","44360444772601","MERGE","3","50366-358-0015","24.99","24.99","0","0",""
"8046067876089","g-trout-ss-t-shirt","G Trout SS T-Shirt","mens, t-shirts","REPLACE","46457242059001","44360444805369","MERGE","4","50366-358-0016","24.99","24.99","0","0",""
"8046067876089","g-trout-ss-t-shirt","G Trout SS T-Shirt","mens, t-shirts","REPLACE","46457242091769","44360444838137","MERGE","5","50366-358-0017","24.99","24.99","0","0",""
"8046067876089","g-trout-ss-t-shirt","G Trout SS T-Shirt","mens, t-shirts","REPLACE","46457242124537","44360444870905","MERGE","6","50366-358-0018","24.99","24.99","0","0",""
"8046068138233","king-trucker","King Trucker","hats","REPLACE","46333679927545","44236910526713","MERGE","1","50372-024-0001","26.99","34.99","0","0",""
"8046068138233","king-trucker","King Trucker","hats","REPLACE","48262794674425","46178312487161","MERGE","2","50372-495-0001","34.99","","6","0",""
"8046068138233","king-trucker","King Trucker","hats","REPLACE","46333679894777","44236910493945","MERGE","3","50372-001-0001","34.99","","0","0",""
"8046068138233","king-trucker","King Trucker","hats","REPLACE","46333679960313","44236910559481","MERGE","4","50372-410-0001","29.99","29.99","0","0",""
"8046068465913","off-to-the-races-trucker","Off to the Races Trucker","hats","REPLACE","46333681139961","44236911739129","MERGE","1","50381-233-0001","29.99","29.99","0","0",""
"8046068465913","off-to-the-races-trucker","Off to the Races Trucker","hats","REPLACE","46333681172729","44236911771897","MERGE","2","50381-353-0001","34.99","","11","0",""
"8046068367609","off-to-the-races-ss-tech-tee","Off to the Races SS Tech Tee","mens, t-shirts","REPLACE","46457248350457","44360451096825","MERGE","1","50379-028-0013","29.99","39.99","0","0",""
"8046068367609","off-to-the-races-ss-tech-tee","Off to the Races SS Tech Tee","mens, t-shirts","REPLACE","46457248383225","44360451129593","MERGE","2","50379-028-0014","29.99","39.99","0","0",""
"8046068367609","off-to-the-races-ss-tech-tee","Off to the Races SS Tech Tee","mens, t-shirts","REPLACE","46457248415993","44360451162361","MERGE","3","50379-028-0015","29.99","39.99","0","0",""
"8046068367609","off-to-the-races-ss-tech-tee","Off to the Races SS Tech Tee","mens, t-shirts","REPLACE","46457248448761","44360451195129","MERGE","4","50379-028-0016","29.99","39.99","0","0",""
"8046068367609","off-to-the-races-ss-tech-tee","Off to the Races SS Tech Tee","mens, t-shirts","REPLACE","46457248481529","44360451227897","MERGE","5","50379-028-0017","29.99","39.99","0","0",""
"8046068367609","off-to-the-races-ss-tech-tee","Off to the Races SS Tech Tee","mens, t-shirts","REPLACE","46457248514297","44360451260665","MERGE","6","50379-028-0018","29.99","39.99","0","0",""
"8046497202425","streamer-se-trucker","Streamer SE Trucker","hats","REPLACE","46508881281273","44412011774201","MERGE","1","50382-303-0001","29.99","","0","0",""
"8046068400377","off-to-the-races-ss-t-shirt","Off to the Races SS T-Shirt","mens, t-shirts","REPLACE","46333680943353","44236911542521","MERGE","1","50380-912-0013","29.99","29.99","33","0",""
"8046068400377","off-to-the-races-ss-t-shirt","Off to the Races SS T-Shirt","mens, t-shirts","REPLACE","46333680976121","44236911575289","MERGE","2","50380-912-0014","29.99","29.99","0","0",""
"8046068400377","off-to-the-races-ss-t-shirt","Off to the Races SS T-Shirt","mens, t-shirts","REPLACE","46333681008889","44236911608057","MERGE","3","50380-912-0015","29.99","29.99","0","0",""
"8046068400377","off-to-the-races-ss-t-shirt","Off to the Races SS T-Shirt","mens, t-shirts","REPLACE","46333681041657","44236911640825","MERGE","4","50380-912-0016","29.99","29.99","0","0",""
"8046068400377","off-to-the-races-ss-t-shirt","Off to the Races SS T-Shirt","mens, t-shirts","REPLACE","46333681074425","44236911673593","MERGE","5","50380-912-0017","29.99","29.99","3","0",""
"8046068400377","off-to-the-races-ss-t-shirt","Off to the Races SS T-Shirt","mens, t-shirts","REPLACE","46333681107193","44236911706361","MERGE","6","50380-912-0018","29.99","29.99","0","0",""
"8046497497337","watchhouse-beanie-anchor","Watchhouse Beanie Anchor","hats","REPLACE","46333828071673","44237058081017","MERGE","1","50386-004-0001","34.99","34.99","0","0",""
"8046497497337","watchhouse-beanie-anchor","Watchhouse Beanie Anchor","hats","REPLACE","46451396772089","44354602238201","MERGE","2","50386-364-0001","34.99","34.99","4","0",""
"8046497497337","watchhouse-beanie-anchor","Watchhouse Beanie Anchor","hats","REPLACE","46451396804857","44354602270969","MERGE","3","50386-411-0001","34.99","34.99","1","0",""
"8046497530105","watchhouse-beanie-logo","Watchhouse Beanie Logo","hats","REPLACE","46451396903161","44354602336505","MERGE","1","50387-411-0001","34.99","34.99","0","0",""
"8046497530105","watchhouse-beanie-logo","Watchhouse Beanie Logo","hats","REPLACE","46333828137209","44237058146553","MERGE","2","50387-004-0001","34.99","34.99","3","0",""
"8046497530105","watchhouse-beanie-logo","Watchhouse Beanie Logo","hats","REPLACE","46451396870393","44354602303737","MERGE","3","50387-364-0001","34.99","34.99","2","0",""
"8436640121081","bluefin-tuna-trucker-hat","Bluefin Tuna Trucker Hat","hats","REPLACE","47342955626745","45250818277625","MERGE","1","50246-010-0001","34.99","","11","0",""
"8173883982073","anchor-down-ss-tech-tee","Anchor Down SS Tech Tee","mens, t-shirts","REPLACE","46703257288953","44606346658041","MERGE","1","50243-025-0013","29.99","39.99","8","0",""
"8173883982073","anchor-down-ss-tech-tee","Anchor Down SS Tech Tee","mens, t-shirts","REPLACE","46703257321721","44606346723577","MERGE","2","50243-025-0014","29.99","39.99","0","0",""
"8173883982073","anchor-down-ss-tech-tee","Anchor Down SS Tech Tee","mens, t-shirts","REPLACE","46703257354489","44606346756345","MERGE","3","50243-025-0015","29.99","39.99","0","0",""
"8173883982073","anchor-down-ss-tech-tee","Anchor Down SS Tech Tee","mens, t-shirts","REPLACE","46703257387257","44606346789113","MERGE","4","50243-025-0016","29.99","39.99","0","0",""
"8173883982073","anchor-down-ss-tech-tee","Anchor Down SS Tech Tee","mens, t-shirts","REPLACE","46703257420025","44606346821881","MERGE","5","50243-025-0017","29.99","39.99","0","0",""
"8173883982073","anchor-down-ss-tech-tee","Anchor Down SS Tech Tee","mens, t-shirts","REPLACE","46703257452793","44606346854649","MERGE","6","50243-025-0018","29.99","39.99","0","0",""
"8046068498681","cloud-cover-ankle-boot","Cloud Cover Ankle Boot","","REPLACE","46333681205497","44236911804665","MERGE","1","60049-001-1008","101.99","134.99","0","0",""
"8046068498681","cloud-cover-ankle-boot","Cloud Cover Ankle Boot","","REPLACE","46333681238265","44236911837433","MERGE","2","60049-001-1009","101.99","134.99","0","0",""
"8046068498681","cloud-cover-ankle-boot","Cloud Cover Ankle Boot","","REPLACE","46333681271033","44236911870201","MERGE","3","60049-001-1010","101.99","134.99","0","0",""
"8046068498681","cloud-cover-ankle-boot","Cloud Cover Ankle Boot","","REPLACE","46333681303801","44236911902969","MERGE","4","60049-001-1011","101.99","134.99","0","0",""
"8046068498681","cloud-cover-ankle-boot","Cloud Cover Ankle Boot","","REPLACE","46333681336569","44236911935737","MERGE","5","60049-001-1012","101.99","134.99","0","0",""
"8046068498681","cloud-cover-ankle-boot","Cloud Cover Ankle Boot","","REPLACE","46333681369337","44236911968505","MERGE","6","60049-001-1013","101.99","134.99","40","0",""
"8046068498681","cloud-cover-ankle-boot","Cloud Cover Ankle Boot","","REPLACE","46333681402105","44236912001273","MERGE","7","60049-001-1014","101.99","134.99","8","0",""
"8046068498681","cloud-cover-ankle-boot","Cloud Cover Ankle Boot","","REPLACE","46333681434873","44236912034041","MERGE","8","60049-358-1008","101.99","134.99","23","0",""
"8046068498681","cloud-cover-ankle-boot","Cloud Cover Ankle Boot","","REPLACE","46333681467641","44236912066809","MERGE","9","60049-358-1009","101.99","134.99","0","0",""
"8046068498681","cloud-cover-ankle-boot","Cloud Cover Ankle Boot","","REPLACE","46333681500409","44236912099577","MERGE","10","60049-358-1010","101.99","134.99","0","0",""
"8046068498681","cloud-cover-ankle-boot","Cloud Cover Ankle Boot","","REPLACE","46333681533177","44236912132345","MERGE","11","60049-358-1011","101.99","134.99","0","0",""
"8046068498681","cloud-cover-ankle-boot","Cloud Cover Ankle Boot","","REPLACE","46333681565945","44236912165113","MERGE","12","60049-358-1012","101.99","134.99","0","0",""
"8046068498681","cloud-cover-ankle-boot","Cloud Cover Ankle Boot","","REPLACE","46333681598713","44236912197881","MERGE","13","60049-358-1013","101.99","134.99","15","0",""
"8046068498681","cloud-cover-ankle-boot","Cloud Cover Ankle Boot","","REPLACE","46333681631481","44236912230649","MERGE","14","60049-358-1014","101.99","134.99","5","0",""
"8461186302201","g-shrimp-trucker","G-Shrimp Trucker","hats","REPLACE","48262903922937","46178422063353","MERGE","1","50414-051-0001","34.99","0.00","8","0",""
"8461186498809","trout-patch-rope-trucker","Trout Patch Rope Trucker","hats","REPLACE","47422844469497","45333792653561","MERGE","1","50450-200-0001","29.99","29.99","0","0",""
"8461186498809","trout-patch-rope-trucker","Trout Patch Rope Trucker","hats","REPLACE","47419018248441","45329813176569","MERGE","2","50450-001-0001","34.99","","3","0",""
"8461186498809","trout-patch-rope-trucker","Trout Patch Rope Trucker","hats","REPLACE","47422844502265","45333792686329","MERGE","3","50450-353-0001","26.99","34.99","205","0",""
"8461186597113","charter-jacket","Charter Jacket","mens, mens-jackets","REPLACE","48259899490553","46175415501049","MERGE","1","10206-001-0013","258.99","344.99","29","0","true"
"8461186597113","charter-jacket","Charter Jacket","mens, mens-jackets","REPLACE","48259899523321","46175415533817","MERGE","2","10206-001-0014","258.99","344.99","72","0","true"
"8461186597113","charter-jacket","Charter Jacket","mens, mens-jackets","REPLACE","48259899556089","46175415566585","MERGE","3","10206-001-0015","258.99","344.99","136","0","true"
"8461186597113","charter-jacket","Charter Jacket","mens, mens-jackets","REPLACE","48259899588857","46175415599353","MERGE","4","10206-001-0016","258.99","344.99","76","0","true"
"8461186597113","charter-jacket","Charter Jacket","mens, mens-jackets","REPLACE","48259899621625","46175415632121","MERGE","5","10206-001-0017","258.99","344.99","47","0","true"
"8461186597113","charter-jacket","Charter Jacket","mens, mens-jackets","REPLACE","48259899654393","46175415664889","MERGE","6","10206-001-0018","258.99","344.99","38","0","true"
"8461186597113","charter-jacket","Charter Jacket","mens, mens-jackets","REPLACE","47422837129465","45333786132729","MERGE","7","10206-237-0013","258.99","344.99","35","0","true"
"8461186597113","charter-jacket","Charter Jacket","mens, mens-jackets","REPLACE","47422837162233","45333786165497","MERGE","8","10206-237-0014","258.99","344.99","60","0","true"
"8461186597113","charter-jacket","Charter Jacket","mens, mens-jackets","REPLACE","47422837195001","45333786231033","MERGE","9","10206-237-0015","258.99","344.99","61","0","true"
"8461186597113","charter-jacket","Charter Jacket","mens, mens-jackets","REPLACE","47422837227769","45333786263801","MERGE","10","10206-237-0016","258.99","344.99","85","0","true"
"8461186597113","charter-jacket","Charter Jacket","mens, mens-jackets","REPLACE","47422837260537","45333786329337","MERGE","11","10206-237-0017","258.99","344.99","33","0","true"
"8461186597113","charter-jacket","Charter Jacket","mens, mens-jackets","REPLACE","47422837293305","45333786394873","MERGE","12","10206-237-0018","258.99","344.99","23","0","true"
"8461186597113","charter-jacket","Charter Jacket","mens, mens-jackets","REPLACE","47419018510585","45329813635321","MERGE","13","10206-119-0013","224.99","299.99","49","0","true"
"8461186597113","charter-jacket","Charter Jacket","mens, mens-jackets","REPLACE","47422836965625","45333785936121","MERGE","14","10206-119-0014","224.99","299.99","77","0","true"
"8461186597113","charter-jacket","Charter Jacket","mens, mens-jackets","REPLACE","47422836998393","45333785968889","MERGE","15","10206-119-0015","224.99","299.99","100","0","true"
"8461186597113","charter-jacket","Charter Jacket","mens, mens-jackets","REPLACE","47422837031161","45333786034425","MERGE","16","10206-119-0016","224.99","299.99","127","0","true"
"8461186597113","charter-jacket","Charter Jacket","mens, mens-jackets","REPLACE","47422837063929","45333786067193","MERGE","17","10206-119-0017","224.99","299.99","68","0","true"
"8461186597113","charter-jacket","Charter Jacket","mens, mens-jackets","REPLACE","47422837096697","45333786099961","MERGE","18","10206-119-0018","224.99","299.99","52","0","true"
"7617838088441","womens-deck-boss-ankle-boots","Women's Deck-Boss Ankle Boots","","REPLACE","49186781233401","47099805729017","MERGE","1","60011-225-1005","114.99","","3","0",""
"7617838088441","womens-deck-boss-ankle-boots","Women's Deck-Boss Ankle Boots","","REPLACE","49186781266169","47099805761785","MERGE","2","60011-225-1006","114.99","","83","0",""
"7617838088441","womens-deck-boss-ankle-boots","Women's Deck-Boss Ankle Boots","","REPLACE","49186781298937","47099805794553","MERGE","3","60011-225-1007","114.99","","114","0",""
"7617838088441","womens-deck-boss-ankle-boots","Women's Deck-Boss Ankle Boots","","REPLACE","49186781331705","47099805827321","MERGE","4","60011-225-1008","114.99","","141","0",""
"7617838088441","womens-deck-boss-ankle-boots","Women's Deck-Boss Ankle Boots","","REPLACE","49186781364473","47099805860089","MERGE","5","60011-225-1009","114.99","","88","0",""
"7617838088441","womens-deck-boss-ankle-boots","Women's Deck-Boss Ankle Boots","","REPLACE","49186781397241","47099805892857","MERGE","6","60011-225-1010","114.99","","20","0",""
"7617838088441","womens-deck-boss-ankle-boots","Women's Deck-Boss Ankle Boots","","REPLACE","49186781430009","47099805925625","MERGE","7","60011-225-1011","114.99","","2","0",""
"7617838088441","womens-deck-boss-ankle-boots","Women's Deck-Boss Ankle Boots","","REPLACE","49186781004025","47099805499641","MERGE","8","60011-631-1005","114.99","","6","0",""
"7617838088441","womens-deck-boss-ankle-boots","Women's Deck-Boss Ankle Boots","","REPLACE","49186781036793","47099805532409","MERGE","9","60011-631-1006","114.99","","12","0",""
"7617838088441","womens-deck-boss-ankle-boots","Women's Deck-Boss Ankle Boots","","REPLACE","49186781069561","47099805565177","MERGE","10","60011-631-1007","114.99","","10","0",""
"7617838088441","womens-deck-boss-ankle-boots","Women's Deck-Boss Ankle Boots","","REPLACE","49186781102329","47099805597945","MERGE","11","60011-631-1008","114.99","","2","0",""
"7617838088441","womens-deck-boss-ankle-boots","Women's Deck-Boss Ankle Boots","","REPLACE","49186781135097","47099805630713","MERGE","12","60011-631-1009","114.99","","0","0",""
"7617838088441","womens-deck-boss-ankle-boots","Women's Deck-Boss Ankle Boots","","REPLACE","49186781167865","47099805663481","MERGE","13","60011-631-1010","114.99","","10","0",""
"7617838088441","womens-deck-boss-ankle-boots","Women's Deck-Boss Ankle Boots","","REPLACE","49186781200633","47099805696249","MERGE","14","60011-631-1011","114.99","","12","0",""
"7617838088441","womens-deck-boss-ankle-boots","Women's Deck-Boss Ankle Boots","","REPLACE","46521069863161","44424196489465","MERGE","15","60011-458-1005","114.99","","1","0",""
"7617838088441","womens-deck-boss-ankle-boots","Women's Deck-Boss Ankle Boots","","REPLACE","46521069895929","44424196522233","MERGE","16","60011-458-1006","114.99","","2","0",""
"7617838088441","womens-deck-boss-ankle-boots","Women's Deck-Boss Ankle Boots","","REPLACE","46521069928697","44424196555001","MERGE","17","60011-458-1007","114.99","","0","0",""
"7617838088441","womens-deck-boss-ankle-boots","Women's Deck-Boss Ankle Boots","","REPLACE","46521069961465","44424196587769","MERGE","18","60011-458-1008","114.99","","0","0",""
"7617838088441","womens-deck-boss-ankle-boots","Women's Deck-Boss Ankle Boots","","REPLACE","46521069994233","44424196620537","MERGE","19","60011-458-1009","114.99","","0","0",""
"7617838088441","womens-deck-boss-ankle-boots","Women's Deck-Boss Ankle Boots","","REPLACE","46521070027001","44424196653305","MERGE","20","60011-458-1010","114.99","","0","0",""
"7617838088441","womens-deck-boss-ankle-boots","Women's Deck-Boss Ankle Boots","","REPLACE","46521070059769","44424196686073","MERGE","21","60011-458-1011","114.99","","1","0",""
"7617838088441","womens-deck-boss-ankle-boots","Women's Deck-Boss Ankle Boots","","REPLACE","47481136775417","45394744770809","MERGE","22","60011-367-1005","114.99","","2","0",""
"7617838088441","womens-deck-boss-ankle-boots","Women's Deck-Boss Ankle Boots","","REPLACE","47481136808185","45394744803577","MERGE","23","60011-367-1006","114.99","","7","0",""
"7617838088441","womens-deck-boss-ankle-boots","Women's Deck-Boss Ankle Boots","","REPLACE","47481136840953","45394744836345","MERGE","24","60011-367-1007","114.99","","7","0",""
"7617838088441","womens-deck-boss-ankle-boots","Women's Deck-Boss Ankle Boots","","REPLACE","47481136873721","45394744869113","MERGE","25","60011-367-1008","114.99","","0","0",""
"7617838088441","womens-deck-boss-ankle-boots","Women's Deck-Boss Ankle Boots","","REPLACE","47481136906489","45394744901881","MERGE","26","60011-367-1009","114.99","","0","0",""
"7617838088441","womens-deck-boss-ankle-boots","Women's Deck-Boss Ankle Boots","","REPLACE","47481136939257","45394744934649","MERGE","27","60011-367-1010","114.99","","0","0",""
"7617838088441","womens-deck-boss-ankle-boots","Women's Deck-Boss Ankle Boots","","REPLACE","47481136972025","45394744967417","MERGE","28","60011-367-1011","114.99","","0","0",""
"7617838088441","womens-deck-boss-ankle-boots","Women's Deck-Boss Ankle Boots","","REPLACE","48259806068985","46175322046713","MERGE","29","60011-001-1005","114.99","","20","0",""
"7617838088441","womens-deck-boss-ankle-boots","Women's Deck-Boss Ankle Boots","","REPLACE","48259806101753","46175322079481","MERGE","30","60011-001-1006","114.99","","166","0",""
"7617838088441","womens-deck-boss-ankle-boots","Women's Deck-Boss Ankle Boots","","REPLACE","48259806134521","46175322112249","MERGE","31","60011-001-1007","114.99","","38","0",""
"7617838088441","womens-deck-boss-ankle-boots","Women's Deck-Boss Ankle Boots","","REPLACE","48259806167289","46175322145017","MERGE","32","60011-001-1008","114.99","","0","0",""
"7617838088441","womens-deck-boss-ankle-boots","Women's Deck-Boss Ankle Boots","","REPLACE","48259806200057","46175322177785","MERGE","33","60011-001-1009","114.99","","0","0",""
"7617838088441","womens-deck-boss-ankle-boots","Women's Deck-Boss Ankle Boots","","REPLACE","48259806232825","46175322210553","MERGE","34","60011-001-1010","114.99","","2","0",""
"7617838088441","womens-deck-boss-ankle-boots","Women's Deck-Boss Ankle Boots","","REPLACE","48259806265593","46175322243321","MERGE","35","60011-001-1011","114.99","","6","0",""
"7617838088441","womens-deck-boss-ankle-boots","Women's Deck-Boss Ankle Boots","","REPLACE","44837327241465","42741726314745","MERGE","36","60011-254-1005","109.99","114.99","93","0",""
"7617838088441","womens-deck-boss-ankle-boots","Women's Deck-Boss Ankle Boots","","REPLACE","44837327274233","42741726347513","MERGE","37","60011-254-1006","109.99","114.99","202","0",""
"7617838088441","womens-deck-boss-ankle-boots","Women's Deck-Boss Ankle Boots","","REPLACE","44837327307001","42741726380281","MERGE","38","60011-254-1007","109.99","114.99","0","0",""
"7617838088441","womens-deck-boss-ankle-boots","Women's Deck-Boss Ankle Boots","","REPLACE","44837327339769","42741726413049","MERGE","39","60011-254-1008","109.99","114.99","0","0",""
"7617838088441","womens-deck-boss-ankle-boots","Women's Deck-Boss Ankle Boots","","REPLACE","44837327372537","42741726445817","MERGE","40","60011-254-1009","109.99","114.99","0","0",""
"7617838088441","womens-deck-boss-ankle-boots","Women's Deck-Boss Ankle Boots","","REPLACE","44837327405305","42741726478585","MERGE","41","60011-254-1010","109.99","114.99","0","0",""
"7617838088441","womens-deck-boss-ankle-boots","Women's Deck-Boss Ankle Boots","","REPLACE","44837327438073","42741726511353","MERGE","42","60011-254-1011","109.99","114.99","0","0",""
"7617838088441","womens-deck-boss-ankle-boots","Women's Deck-Boss Ankle Boots","","REPLACE","45789515874553","43695070937337","MERGE","43","60011-428-1005","109.99","114.99","87","0",""
"7617838088441","womens-deck-boss-ankle-boots","Women's Deck-Boss Ankle Boots","","REPLACE","45789515907321","43695070970105","MERGE","44","60011-428-1006","109.99","114.99","155","0",""
"7617838088441","womens-deck-boss-ankle-boots","Women's Deck-Boss Ankle Boots","","REPLACE","45789515940089","43695071002873","MERGE","45","60011-428-1007","109.99","114.99","0","0",""
"7617838088441","womens-deck-boss-ankle-boots","Women's Deck-Boss Ankle Boots","","REPLACE","45789515972857","43695071035641","MERGE","46","60011-428-1008","109.99","114.99","0","0",""
"7617838088441","womens-deck-boss-ankle-boots","Women's Deck-Boss Ankle Boots","","REPLACE","45789516005625","43695071068409","MERGE","47","60011-428-1009","109.99","114.99","0","0",""
"7617838088441","womens-deck-boss-ankle-boots","Women's Deck-Boss Ankle Boots","","REPLACE","45789516038393","43695071101177","MERGE","48","60011-428-1010","109.99","114.99","0","0",""
"7617838088441","womens-deck-boss-ankle-boots","Women's Deck-Boss Ankle Boots","","REPLACE","45789516071161","43695071133945","MERGE","49","60011-428-1011","109.99","114.99","0","0",""
"7617838088441","womens-deck-boss-ankle-boots","Women's Deck-Boss Ankle Boots","","REPLACE","45789516103929","43695071166713","MERGE","50","60011-019-1005","109.99","114.99","43","0",""
"7617838088441","womens-deck-boss-ankle-boots","Women's Deck-Boss Ankle Boots","","REPLACE","45789516136697","43695071199481","MERGE","51","60011-019-1006","109.99","114.99","191","0",""
"7617838088441","womens-deck-boss-ankle-boots","Women's Deck-Boss Ankle Boots","","REPLACE","45789516169465","43695071232249","MERGE","52","60011-019-1007","109.99","114.99","49","0",""
"7617838088441","womens-deck-boss-ankle-boots","Women's Deck-Boss Ankle Boots","","REPLACE","45789516202233","43695071265017","MERGE","53","60011-019-1008","109.99","114.99","0","0",""
"7617838088441","womens-deck-boss-ankle-boots","Women's Deck-Boss Ankle Boots","","REPLACE","45789516235001","43695071297785","MERGE","54","60011-019-1009","109.99","114.99","0","0",""
"7617838088441","womens-deck-boss-ankle-boots","Women's Deck-Boss Ankle Boots","","REPLACE","45789516267769","43695071330553","MERGE","55","60011-019-1010","109.99","114.99","0","0",""
"7617838088441","womens-deck-boss-ankle-boots","Women's Deck-Boss Ankle Boots","","REPLACE","45789516300537","43695071363321","MERGE","56","60011-019-1011","109.99","114.99","0","0",""
"7617838088441","womens-deck-boss-ankle-boots","Women's Deck-Boss Ankle Boots","","REPLACE","44837327700217","42741726773497","MERGE","57","60011-058-1005","114.99","","19","0",""
"7617838088441","womens-deck-boss-ankle-boots","Women's Deck-Boss Ankle Boots","","REPLACE","44837327732985","42741726806265","MERGE","58","60011-058-1006","114.99","","185","0",""
"7617838088441","womens-deck-boss-ankle-boots","Women's Deck-Boss Ankle Boots","","REPLACE","44837327765753","42741726839033","MERGE","59","60011-058-1007","114.99","","7","0",""
"7617838088441","womens-deck-boss-ankle-boots","Women's Deck-Boss Ankle Boots","","REPLACE","44837327798521","42741726871801","MERGE","60","60011-058-1008","114.99","","9","0",""
"7617838088441","womens-deck-boss-ankle-boots","Women's Deck-Boss Ankle Boots","","REPLACE","44837327831289","42741726904569","MERGE","61","60011-058-1009","114.99","","9","0",""
"7617838088441","womens-deck-boss-ankle-boots","Women's Deck-Boss Ankle Boots","","REPLACE","44837327864057","42741726937337","MERGE","62","60011-058-1010","114.99","","5","0",""
"7617838088441","womens-deck-boss-ankle-boots","Women's Deck-Boss Ankle Boots","","REPLACE","44837327896825","42741726970105","MERGE","63","60011-058-1011","114.99","","1","0",""
"7617838088441","womens-deck-boss-ankle-boots","Women's Deck-Boss Ankle Boots","","REPLACE","46521070092537","44424196718841","MERGE","64","60011-622-1005","86.99","114.99","25","0",""
"7617838088441","womens-deck-boss-ankle-boots","Women's Deck-Boss Ankle Boots","","REPLACE","46521070125305","44424196751609","MERGE","65","60011-622-1006","86.99","114.99","64","0",""
"7617838088441","womens-deck-boss-ankle-boots","Women's Deck-Boss Ankle Boots","","REPLACE","46521070158073","44424196784377","MERGE","66","60011-622-1007","86.99","114.99","0","0",""
"7617838088441","womens-deck-boss-ankle-boots","Women's Deck-Boss Ankle Boots","","REPLACE","46521070190841","44424196817145","MERGE","67","60011-622-1008","86.99","114.99","0","0",""
"7617838088441","womens-deck-boss-ankle-boots","Women's Deck-Boss Ankle Boots","","REPLACE","46521070223609","44424196849913","MERGE","68","60011-622-1009","86.99","114.99","0","0",""
"7617838088441","womens-deck-boss-ankle-boots","Women's Deck-Boss Ankle Boots","","REPLACE","46521070256377","44424196882681","MERGE","69","60011-622-1010","86.99","114.99","0","0",""
"7617838088441","womens-deck-boss-ankle-boots","Women's Deck-Boss Ankle Boots","","REPLACE","46521070289145","44424196915449","MERGE","70","60011-622-1011","86.99","114.99","0","0",""
"7617838088441","womens-deck-boss-ankle-boots","Women's Deck-Boss Ankle Boots","","REPLACE","46521069633785","44424196260089","MERGE","71","60011-355-1005","109.99","114.99","31","0",""
"7617838088441","womens-deck-boss-ankle-boots","Women's Deck-Boss Ankle Boots","","REPLACE","46521069666553","44424196292857","MERGE","72","60011-355-1006","109.99","114.99","43","0",""
"7617838088441","womens-deck-boss-ankle-boots","Women's Deck-Boss Ankle Boots","","REPLACE","46521069699321","44424196325625","MERGE","73","60011-355-1007","109.99","114.99","0","0",""
"7617838088441","womens-deck-boss-ankle-boots","Women's Deck-Boss Ankle Boots","","REPLACE","46521069732089","44424196358393","MERGE","74","60011-355-1008","109.99","114.99","0","0",""
"7617838088441","womens-deck-boss-ankle-boots","Women's Deck-Boss Ankle Boots","","REPLACE","46521069764857","44424196391161","MERGE","75","60011-355-1009","109.99","114.99","0","0",""
"7617838088441","womens-deck-boss-ankle-boots","Women's Deck-Boss Ankle Boots","","REPLACE","46521069797625","44424196423929","MERGE","76","60011-355-1010","109.99","114.99","0","0",""
"7617838088441","womens-deck-boss-ankle-boots","Women's Deck-Boss Ankle Boots","","REPLACE","46521069830393","44424196456697","MERGE","77","60011-355-1011","109.99","114.99","0","0",""
"7617838088441","womens-deck-boss-ankle-boots","Women's Deck-Boss Ankle Boots","","REPLACE","46050546090233","43954305958137","MERGE","78","60011-221-1005","85.99","114.99","3","0",""
"7617838088441","womens-deck-boss-ankle-boots","Women's Deck-Boss Ankle Boots","","REPLACE","46050546123001","43954305990905","MERGE","79","60011-221-1006","85.99","114.99","10","0",""
"7617838088441","womens-deck-boss-ankle-boots","Women's Deck-Boss Ankle Boots","","REPLACE","46050546155769","43954306023673","MERGE","80","60011-221-1007","85.99","","0","0",""
"7617838088441","womens-deck-boss-ankle-boots","Women's Deck-Boss Ankle Boots","","REPLACE","46050546188537","43954306056441","MERGE","81","60011-221-1008","85.99","114.99","0","0",""
"7617838088441","womens-deck-boss-ankle-boots","Women's Deck-Boss Ankle Boots","","REPLACE","46050546221305","43954306089209","MERGE","82","60011-221-1009","85.99","","0","0",""
"7617838088441","womens-deck-boss-ankle-boots","Women's Deck-Boss Ankle Boots","","REPLACE","46050546254073","43954306121977","MERGE","83","60011-221-1010","85.99","","0","0",""
"7617838088441","womens-deck-boss-ankle-boots","Women's Deck-Boss Ankle Boots","","REPLACE","46050546286841","43954306154745","MERGE","84","60011-221-1011","85.99","","0","0",""
"8461186793721","neptune-thermo-bib","Neptune Thermo Bib","commercial","REPLACE","47419019591929","45329814913273","MERGE","1","10210-025-0013","139.99","","0","0",""
"8461186793721","neptune-thermo-bib","Neptune Thermo Bib","commercial","REPLACE","47422833492217","45333783150841","MERGE","2","10210-025-0014","139.99","","5","0",""
"8461186793721","neptune-thermo-bib","Neptune Thermo Bib","commercial","REPLACE","47422833524985","45333783183609","MERGE","3","10210-025-0015","139.99","","11","0",""
"8461186793721","neptune-thermo-bib","Neptune Thermo Bib","commercial","REPLACE","47422833557753","45333783216377","MERGE","4","10210-025-0016","139.99","","15","0",""
"8461186793721","neptune-thermo-bib","Neptune Thermo Bib","commercial","REPLACE","47422833590521","45333783249145","MERGE","5","10210-025-0017","139.99","","6","0",""
"8461186793721","neptune-thermo-bib","Neptune Thermo Bib","commercial","REPLACE","47422833623289","45333783281913","MERGE","6","10210-025-0018","139.99","","3","0",""
"8461187154169","bass-patch-trucker","Bass Patch Trucker","hats","REPLACE","47419020935417","45329816453369","MERGE","1","50397-001-0001","26.99","34.99","238","0",""
"8461187154169","bass-patch-trucker","Bass Patch Trucker","hats","REPLACE","47422835720441","45333784887545","MERGE","2","50397-353-0001","26.99","34.99","218","0",""
"8461187186937","cord-wordmark-trucker","Cord Wordmark Trucker","hats","REPLACE","47419021132025","45329816715513","MERGE","1","50398-372-0001","26.99","34.99","279","0",""
"8461187186937","cord-wordmark-trucker","Cord Wordmark Trucker","hats","REPLACE","47422842503417","45333791015161","MERGE","2","50398-410-0001","26.99","34.99","468","0",""
"8461187252473","g-walleye-trucker","G-Walleye Trucker","hats","REPLACE","47422843584761","45333791998201","MERGE","1","50416-353-0001","26.99","34.99","405","0",""
"8461187252473","g-walleye-trucker","G-Walleye Trucker","hats","REPLACE","47419021394169","45329817043193","MERGE","2","50416-200-0001","29.99","29.99","146","0",""
"8461185220857","dispatch-flannel-shirt","Dispatch Flannel Shirt","","REPLACE","47422842732793","45333791211769","MERGE","1","40117-917-0013","99.99","","2","0",""
"8461185220857","dispatch-flannel-shirt","Dispatch Flannel Shirt","","REPLACE","47422842765561","45333791244537","MERGE","2","40117-917-0014","99.99","","3","0",""
"8461185220857","dispatch-flannel-shirt","Dispatch Flannel Shirt","","REPLACE","47422842798329","45333791277305","MERGE","3","40117-917-0015","99.99","","0","0",""
"8461185220857","dispatch-flannel-shirt","Dispatch Flannel Shirt","","REPLACE","47422842831097","45333791310073","MERGE","4","40117-917-0016","99.99","","4","0",""
"8461185220857","dispatch-flannel-shirt","Dispatch Flannel Shirt","","REPLACE","47422842863865","45333791342841","MERGE","5","40117-917-0017","99.99","","0","0",""
"8461185220857","dispatch-flannel-shirt","Dispatch Flannel Shirt","","REPLACE","47422842896633","45333791375609","MERGE","6","40117-917-0018","99.99","","2","0",""
"8461185220857","dispatch-flannel-shirt","Dispatch Flannel Shirt","","REPLACE","48919574937849","46836285178105","MERGE","7","40117-253-0013","99.99","","4","0",""
"8461185220857","dispatch-flannel-shirt","Dispatch Flannel Shirt","","REPLACE","48919574970617","46836285210873","MERGE","8","40117-253-0014","99.99","","7","0",""
"8461185220857","dispatch-flannel-shirt","Dispatch Flannel Shirt","","REPLACE","48919575003385","46836285243641","MERGE","9","40117-253-0015","99.99","","7","0",""
"8461185220857","dispatch-flannel-shirt","Dispatch Flannel Shirt","","REPLACE","48919575036153","46836285276409","MERGE","10","40117-253-0016","99.99","","7","0",""
"8461185220857","dispatch-flannel-shirt","Dispatch Flannel Shirt","","REPLACE","48919575068921","46836285309177","MERGE","11","40117-253-0017","99.99","","5","0",""
"8461185220857","dispatch-flannel-shirt","Dispatch Flannel Shirt","","REPLACE","48919575101689","46836285341945","MERGE","12","40117-253-0018","99.99","","3","0",""
"8461185220857","dispatch-flannel-shirt","Dispatch Flannel Shirt","","REPLACE","48919579197689","46836289437945","MERGE","13","40117-477-0013","99.99","0.00","3","0",""
"8461185220857","dispatch-flannel-shirt","Dispatch Flannel Shirt","","REPLACE","48919579230457","46836289470713","MERGE","14","40117-477-0014","99.99","0.00","5","0",""
"8461185220857","dispatch-flannel-shirt","Dispatch Flannel Shirt","","REPLACE","48919579263225","46836289503481","MERGE","15","40117-477-0015","99.99","0.00","7","0",""
"8461185220857","dispatch-flannel-shirt","Dispatch Flannel Shirt","","REPLACE","48919579295993","46836289536249","MERGE","16","40117-477-0016","99.99","0.00","7","0",""
"8461185220857","dispatch-flannel-shirt","Dispatch Flannel Shirt","","REPLACE","48919579328761","46836289569017","MERGE","17","40117-477-0017","99.99","0.00","0","0",""
"8461185220857","dispatch-flannel-shirt","Dispatch Flannel Shirt","","REPLACE","48919579361529","46836289601785","MERGE","18","40117-477-0018","99.99","0.00","2","0",""
"8461185220857","dispatch-flannel-shirt","Dispatch Flannel Shirt","","REPLACE","48919584276729","46836294516985","MERGE","19","40117-932-0013","99.99","0.00","23","0",""
"8461185220857","dispatch-flannel-shirt","Dispatch Flannel Shirt","","REPLACE","48919584309497","46836294549753","MERGE","20","40117-932-0014","99.99","0.00","71","0",""
"8461185220857","dispatch-flannel-shirt","Dispatch Flannel Shirt","","REPLACE","48919584342265","46836294582521","MERGE","21","40117-932-0015","99.99","0.00","80","0",""
"8461185220857","dispatch-flannel-shirt","Dispatch Flannel Shirt","","REPLACE","48919584375033","46836294615289","MERGE","22","40117-932-0016","99.99","0.00","92","0",""
"8461185220857","dispatch-flannel-shirt","Dispatch Flannel Shirt","","REPLACE","48919584407801","46836294648057","MERGE","23","40117-932-0017","99.99","0.00","37","0",""
"8461185220857","dispatch-flannel-shirt","Dispatch Flannel Shirt","","REPLACE","48919584440569","46836294680825","MERGE","24","40117-932-0018","99.99","0.00","29","0",""
"8461185220857","dispatch-flannel-shirt","Dispatch Flannel Shirt","","REPLACE","47419003764985","45329797316857","MERGE","25","40117-074-0013","89.99","89.99","149","0",""
"8461185220857","dispatch-flannel-shirt","Dispatch Flannel Shirt","","REPLACE","47422842568953","45333791047929","MERGE","26","40117-074-0014","89.99","89.99","128","0",""
"8461185220857","dispatch-flannel-shirt","Dispatch Flannel Shirt","","REPLACE","47422842601721","45333791080697","MERGE","27","40117-074-0015","89.99","89.99","16","0",""
"8461185220857","dispatch-flannel-shirt","Dispatch Flannel Shirt","","REPLACE","47422842634489","45333791113465","MERGE","28","40117-074-0016","89.99","89.99","108","0",""
"8461185220857","dispatch-flannel-shirt","Dispatch Flannel Shirt","","REPLACE","47422842667257","45333791146233","MERGE","29","40117-074-0017","89.99","89.99","61","0",""
"8461185220857","dispatch-flannel-shirt","Dispatch Flannel Shirt","","REPLACE","47422842700025","45333791179001","MERGE","30","40117-074-0018","89.99","89.99","40","0",""
"8461185220857","dispatch-flannel-shirt","Dispatch Flannel Shirt","","REPLACE","47422843126009","45333791604985","MERGE","31","40117-919-0013","89.99","89.99","124","0",""
"8461185220857","dispatch-flannel-shirt","Dispatch Flannel Shirt","","REPLACE","47422843158777","45333791637753","MERGE","32","40117-919-0014","89.99","89.99","66","0",""
"8461185220857","dispatch-flannel-shirt","Dispatch Flannel Shirt","","REPLACE","47422843191545","45333791670521","MERGE","33","40117-919-0015","89.99","89.99","0","0",""
"8461185220857","dispatch-flannel-shirt","Dispatch Flannel Shirt","","REPLACE","47422843224313","45333791703289","MERGE","34","40117-919-0016","89.99","89.99","53","0",""
"8461185220857","dispatch-flannel-shirt","Dispatch Flannel Shirt","","REPLACE","47422843257081","45333791736057","MERGE","35","40117-919-0017","89.99","89.99","19","0",""
"8461185220857","dispatch-flannel-shirt","Dispatch Flannel Shirt","","REPLACE","47422843289849","45333791768825","MERGE","36","40117-919-0018","89.99","89.99","32","0",""
"8461185220857","dispatch-flannel-shirt","Dispatch Flannel Shirt","","REPLACE","47422842929401","45333791408377","MERGE","37","40117-918-0013","89.99","89.99","91","0",""
"8461185220857","dispatch-flannel-shirt","Dispatch Flannel Shirt","","REPLACE","47422842962169","45333791441145","MERGE","38","40117-918-0014","89.99","89.99","42","0",""
"8461185220857","dispatch-flannel-shirt","Dispatch Flannel Shirt","","REPLACE","47422842994937","45333791473913","MERGE","39","40117-918-0015","89.99","89.99","0","0",""
"8461185220857","dispatch-flannel-shirt","Dispatch Flannel Shirt","","REPLACE","47422843027705","45333791506681","MERGE","40","40117-918-0016","89.99","89.99","5","0",""
"8461185220857","dispatch-flannel-shirt","Dispatch Flannel Shirt","","REPLACE","47422843060473","45333791539449","MERGE","41","40117-918-0017","89.99","89.99","0","0",""
"8461185220857","dispatch-flannel-shirt","Dispatch Flannel Shirt","","REPLACE","47422843093241","45333791572217","MERGE","42","40117-918-0018","89.99","89.99","8","0",""
"8461187285241","iconic-trucker","ICONic Trucker","hats","REPLACE","47419021426937","45329817108729","MERGE","1","50419-001-0001","26.99","34.99","40","0",""
"8461187285241","iconic-trucker","ICONic Trucker","hats","REPLACE","47422843715833","45333792063737","MERGE","2","50419-051-0001","26.99","34.99","330","0",""
"8461187285241","iconic-trucker","ICONic Trucker","hats","REPLACE","47422843748601","45333792096505","MERGE","3","50419-410-0001","29.99","29.99","0","0",""
"8461187350777","iconic-vented-hat","ICONic Vented Hat","hats","REPLACE","48259044180217","46174560092409","MERGE","1","50420-489-0001","29.99","39.99","273","0",""
"8461187350777","iconic-vented-hat","ICONic Vented Hat","hats","REPLACE","48259038871801","46174554783993","MERGE","2","50420-048-0001","39.99","39.99","5","0",""
"8461187383545","iconic-dwr-hat","ICONic DWR Hat","hats","REPLACE","47419021525241","45329817239801","MERGE","1","50421-001-0001","39.99","","6","0",""
"8461187383545","iconic-dwr-hat","ICONic DWR Hat","hats","REPLACE","47422843650297","45333792030969","MERGE","2","50421-373-0001","39.99","","1","0",""
"8461187416313","king-of-the-lakes-ls-tech-tee","King of the Lakes LS Tech Tee","","REPLACE","47419021558009","45329817272569","MERGE","1","50424-025-0013","44.99","","1","0",""
"8461187416313","king-of-the-lakes-ls-tech-tee","King of the Lakes LS Tech Tee","","REPLACE","47422833688825","45333783314681","MERGE","2","50424-025-0014","44.99","","0","0",""
"8461187416313","king-of-the-lakes-ls-tech-tee","King of the Lakes LS Tech Tee","","REPLACE","47422833721593","45333783347449","MERGE","3","50424-025-0015","44.99","","1","0",""
"8461187416313","king-of-the-lakes-ls-tech-tee","King of the Lakes LS Tech Tee","","REPLACE","47422833754361","45333783380217","MERGE","4","50424-025-0016","44.99","","0","0",""
"8461187416313","king-of-the-lakes-ls-tech-tee","King of the Lakes LS Tech Tee","","REPLACE","47422833787129","45333783412985","MERGE","5","50424-025-0017","44.99","","0","0",""
"8461187416313","king-of-the-lakes-ls-tech-tee","King of the Lakes LS Tech Tee","","REPLACE","47422833819897","45333783445753","MERGE","6","50424-025-0018","44.99","","1","0",""
"8461187481849","poppin-south-ls-tech-tee","Poppin' South LS Tech Tee","","REPLACE","47419021689081","45329817436409","MERGE","1","50428-058-0013","33.99","44.99","8","0",""
"8461187481849","poppin-south-ls-tech-tee","Poppin' South LS Tech Tee","","REPLACE","47422834147577","45333783478521","MERGE","2","50428-058-0014","33.99","44.99","5","0",""
"8461187481849","poppin-south-ls-tech-tee","Poppin' South LS Tech Tee","","REPLACE","47422834180345","45333783511289","MERGE","3","50428-058-0015","33.99","44.99","10","0",""
"8461187481849","poppin-south-ls-tech-tee","Poppin' South LS Tech Tee","","REPLACE","47422834213113","45333783544057","MERGE","4","50428-058-0016","33.99","44.99","3","0",""
"8461187481849","poppin-south-ls-tech-tee","Poppin' South LS Tech Tee","","REPLACE","47422834245881","45333783576825","MERGE","5","50428-058-0017","33.99","44.99","4","0",""
"8461187481849","poppin-south-ls-tech-tee","Poppin' South LS Tech Tee","","REPLACE","47422834278649","45333783609593","MERGE","6","50428-058-0018","33.99","44.99","0","0",""
"8461187055865","dreadnought-jacket","Dreadnought Jacket","commercial","REPLACE","47422839390457","45333788262649","MERGE","1","10217-621-0013","129.99","","2","0","true"
"8461187055865","dreadnought-jacket","Dreadnought Jacket","commercial","REPLACE","47422839423225","45333788295417","MERGE","2","10217-621-0014","129.99","","3","0","true"
"8461187055865","dreadnought-jacket","Dreadnought Jacket","commercial","REPLACE","47422839455993","45333788328185","MERGE","3","10217-621-0015","129.99","","3","0","true"
"8461187055865","dreadnought-jacket","Dreadnought Jacket","commercial","REPLACE","47422839488761","45333788360953","MERGE","4","10217-621-0016","129.99","","2","0","true"
"8461187055865","dreadnought-jacket","Dreadnought Jacket","commercial","REPLACE","47422839521529","45333788393721","MERGE","5","10217-621-0017","129.99","","3","0","true"
"8461187055865","dreadnought-jacket","Dreadnought Jacket","commercial","REPLACE","47422839554297","45333788426489","MERGE","6","10217-621-0018","129.99","","2","0","true"
"8461187055865","dreadnought-jacket","Dreadnought Jacket","commercial","REPLACE","47422839587065","45333788459257","MERGE","7","10217-800-0013","129.99","","2","0","true"
"8461187055865","dreadnought-jacket","Dreadnought Jacket","commercial","REPLACE","47422839619833","45333788492025","MERGE","8","10217-800-0014","129.99","","14","0","true"
"8461187055865","dreadnought-jacket","Dreadnought Jacket","commercial","REPLACE","47422839652601","45333788524793","MERGE","9","10217-800-0015","129.99","","17","0","true"
"8461187055865","dreadnought-jacket","Dreadnought Jacket","commercial","REPLACE","47422839685369","45333788557561","MERGE","10","10217-800-0016","129.99","","1","0","true"
"8461187055865","dreadnought-jacket","Dreadnought Jacket","commercial","REPLACE","47422839718137","45333788590329","MERGE","11","10217-800-0017","129.99","","14","0","true"
"8461187055865","dreadnought-jacket","Dreadnought Jacket","commercial","REPLACE","47422839750905","45333788623097","MERGE","12","10217-800-0018","129.99","","2","0","true"
"8461187055865","dreadnought-jacket","Dreadnought Jacket","commercial","REPLACE","47419020869881","45329816322297","MERGE","13","10217-368-0013","82.99","109.99","19","0","true"
"8461187055865","dreadnought-jacket","Dreadnought Jacket","commercial","REPLACE","47422839226617","45333788098809","MERGE","14","10217-368-0014","82.99","109.99","68","0","true"
"8461187055865","dreadnought-jacket","Dreadnought Jacket","commercial","REPLACE","47422839259385","45333788131577","MERGE","15","10217-368-0015","82.99","109.99","103","0","true"
"8461187055865","dreadnought-jacket","Dreadnought Jacket","commercial","REPLACE","47422839292153","45333788164345","MERGE","16","10217-368-0016","82.99","109.99","75","0","true"
"8461187055865","dreadnought-jacket","Dreadnought Jacket","commercial","REPLACE","47422839324921","45333788197113","MERGE","17","10217-368-0017","82.99","109.99","26","0","true"
"8461187055865","dreadnought-jacket","Dreadnought Jacket","commercial","REPLACE","47422839357689","45333788229881","MERGE","18","10217-368-0018","86.99","114.99","11","0","true"
"8461187055865","dreadnought-jacket","Dreadnought Jacket","commercial","REPLACE","48259905650937","46175421759737","MERGE","19","10217-025-0013","129.99","","8","0","true"
"8461187055865","dreadnought-jacket","Dreadnought Jacket","commercial","REPLACE","48259905683705","46175421792505","MERGE","20","10217-025-0014","129.99","","16","0","true"
"8461187055865","dreadnought-jacket","Dreadnought Jacket","commercial","REPLACE","48259905716473","46175421825273","MERGE","21","10217-025-0015","129.99","","20","0","true"
"8461187055865","dreadnought-jacket","Dreadnought Jacket","commercial","REPLACE","48259905749241","46175421858041","MERGE","22","10217-025-0016","129.99","","22","0","true"
"8461187055865","dreadnought-jacket","Dreadnought Jacket","commercial","REPLACE","48259905782009","46175421890809","MERGE","23","10217-025-0017","129.99","","14","0","true"
"8461187055865","dreadnought-jacket","Dreadnought Jacket","commercial","REPLACE","48259905814777","46175421923577","MERGE","24","10217-025-0018","129.99","","5","0","true"
"8461186662649","cutter-jacket","Cutter Jacket","mens, mens-jackets, Sale, Sale 2, sport, tag__hot_Sale, waterproof, zip","REPLACE","47419018707193","45329813831929","MERGE","1","10207-001-0012","84.99","84.99","12","0","true"
"8461186662649","cutter-jacket","Cutter Jacket","mens, mens-jackets, Sale, Sale 2, sport, tag__hot_Sale, waterproof, zip","REPLACE","47422837948665","45333786853625","MERGE","2","10207-001-0013","84.99","84.99","19","0","true"
"8461186662649","cutter-jacket","Cutter Jacket","mens, mens-jackets, Sale, Sale 2, sport, tag__hot_Sale, waterproof, zip","REPLACE","47422837981433","45333786886393","MERGE","3","10207-001-0014","84.99","84.99","30","0","true"
"8461186662649","cutter-jacket","Cutter Jacket","mens, mens-jackets, Sale, Sale 2, sport, tag__hot_Sale, waterproof, zip","REPLACE","47422838014201","45333786919161","MERGE","4","10207-001-0015","84.99","84.99","45","0","true"
"8461186662649","cutter-jacket","Cutter Jacket","mens, mens-jackets, Sale, Sale 2, sport, tag__hot_Sale, waterproof, zip","REPLACE","47422838046969","45333786951929","MERGE","5","10207-001-0016","84.99","84.99","-1","0","true"
"8461186662649","cutter-jacket","Cutter Jacket","mens, mens-jackets, Sale, Sale 2, sport, tag__hot_Sale, waterproof, zip","REPLACE","47422838079737","45333786984697","MERGE","6","10207-001-0017","84.99","84.99","0","0","true"
"8461186662649","cutter-jacket","Cutter Jacket","mens, mens-jackets, Sale, Sale 2, sport, tag__hot_Sale, waterproof, zip","REPLACE","47422838112505","45333787017465","MERGE","7","10207-001-0018","84.99","84.99","0","0","true"
"8461186662649","cutter-jacket","Cutter Jacket","mens, mens-jackets, Sale, Sale 2, sport, tag__hot_Sale, waterproof, zip","REPLACE","47422838145273","45333787050233","MERGE","8","10207-001-0019","84.99","84.99","3","0","true"
"8461186662649","cutter-jacket","Cutter Jacket","mens, mens-jackets, Sale, Sale 2, sport, tag__hot_Sale, waterproof, zip","REPLACE","47422838178041","45333787083001","MERGE","9","10207-001-0020","84.99","84.99","3","0","true"
"8461186662649","cutter-jacket","Cutter Jacket","mens, mens-jackets, Sale, Sale 2, sport, tag__hot_Sale, waterproof, zip","REPLACE","47422838210809","45333787115769","MERGE","10","10207-368-0012","64.99","64.99","0","0","true"
"8461186662649","cutter-jacket","Cutter Jacket","mens, mens-jackets, Sale, Sale 2, sport, tag__hot_Sale, waterproof, zip","REPLACE","47422838243577","45333787148537","MERGE","11","10207-368-0013","64.99","64.99","0","0","true"
"8461186662649","cutter-jacket","Cutter Jacket","mens, mens-jackets, Sale, Sale 2, sport, tag__hot_Sale, waterproof, zip","REPLACE","47422838276345","45333787181305","MERGE","12","10207-368-0014","64.99","64.99","0","0","true"
"8461186662649","cutter-jacket","Cutter Jacket","mens, mens-jackets, Sale, Sale 2, sport, tag__hot_Sale, waterproof, zip","REPLACE","47422838309113","45333787214073","MERGE","13","10207-368-0015","64.99","64.99","0","0","true"
"8461186662649","cutter-jacket","Cutter Jacket","mens, mens-jackets, Sale, Sale 2, sport, tag__hot_Sale, waterproof, zip","REPLACE","47422838341881","45333787246841","MERGE","14","10207-368-0016","64.99","64.99","0","0","true"
"8461186662649","cutter-jacket","Cutter Jacket","mens, mens-jackets, Sale, Sale 2, sport, tag__hot_Sale, waterproof, zip","REPLACE","47422838374649","45333787279609","MERGE","15","10207-368-0017","64.99","64.99","5","0","true"
"8461186662649","cutter-jacket","Cutter Jacket","mens, mens-jackets, Sale, Sale 2, sport, tag__hot_Sale, waterproof, zip","REPLACE","47422838407417","45333787312377","MERGE","16","10207-368-0018","64.99","64.99","0","0","true"
"8461186662649","cutter-jacket","Cutter Jacket","mens, mens-jackets, Sale, Sale 2, sport, tag__hot_Sale, waterproof, zip","REPLACE","47422838669561","45333787574521","MERGE","17","10207-600-0012","84.99","0.00","0","0","true"
"8461186662649","cutter-jacket","Cutter Jacket","mens, mens-jackets, Sale, Sale 2, sport, tag__hot_Sale, waterproof, zip","REPLACE","47422838702329","45333787607289","MERGE","18","10207-600-0013","84.99","0.00","0","0","true"
"8461186662649","cutter-jacket","Cutter Jacket","mens, mens-jackets, Sale, Sale 2, sport, tag__hot_Sale, waterproof, zip","REPLACE","47422838735097","45333787640057","MERGE","19","10207-600-0014","84.99","0.00","2","0","true"
"8461186662649","cutter-jacket","Cutter Jacket","mens, mens-jackets, Sale, Sale 2, sport, tag__hot_Sale, waterproof, zip","REPLACE","47422838767865","45333787672825","MERGE","20","10207-600-0015","84.99","0.00","0","0","true"
"8461186662649","cutter-jacket","Cutter Jacket","mens, mens-jackets, Sale, Sale 2, sport, tag__hot_Sale, waterproof, zip","REPLACE","47422838800633","45333787705593","MERGE","21","10207-600-0016","84.99","0.00","1","0","true"
"8461186662649","cutter-jacket","Cutter Jacket","mens, mens-jackets, Sale, Sale 2, sport, tag__hot_Sale, waterproof, zip","REPLACE","47422838833401","45333787738361","MERGE","22","10207-600-0017","84.99","0.00","0","0","true"
"8461186662649","cutter-jacket","Cutter Jacket","mens, mens-jackets, Sale, Sale 2, sport, tag__hot_Sale, waterproof, zip","REPLACE","47422838866169","45333787771129","MERGE","23","10207-600-0018","84.99","0.00","0","0","true"
"8461186662649","cutter-jacket","Cutter Jacket","mens, mens-jackets, Sale, Sale 2, sport, tag__hot_Sale, waterproof, zip","REPLACE","47422838898937","45333787803897","MERGE","24","10207-700-0012","64.99","64.99","0","0","true"
"8461186662649","cutter-jacket","Cutter Jacket","mens, mens-jackets, Sale, Sale 2, sport, tag__hot_Sale, waterproof, zip","REPLACE","47422838931705","45333787836665","MERGE","25","10207-700-0013","64.99","64.99","0","0","true"
"8461186662649","cutter-jacket","Cutter Jacket","mens, mens-jackets, Sale, Sale 2, sport, tag__hot_Sale, waterproof, zip","REPLACE","47422838964473","45333787869433","MERGE","26","10207-700-0014","64.99","64.99","1","0","true"
"8461186662649","cutter-jacket","Cutter Jacket","mens, mens-jackets, Sale, Sale 2, sport, tag__hot_Sale, waterproof, zip","REPLACE","47422838997241","45333787902201","MERGE","27","10207-700-0015","64.99","64.99","11","0","true"
"8461186662649","cutter-jacket","Cutter Jacket","mens, mens-jackets, Sale, Sale 2, sport, tag__hot_Sale, waterproof, zip","REPLACE","47422839030009","45333787934969","MERGE","28","10207-700-0016","64.99","64.99","1","0","true"
"8461186662649","cutter-jacket","Cutter Jacket","mens, mens-jackets, Sale, Sale 2, sport, tag__hot_Sale, waterproof, zip","REPLACE","47422839062777","45333787967737","MERGE","29","10207-700-0017","64.99","64.99","12","0","true"
"8461186662649","cutter-jacket","Cutter Jacket","mens, mens-jackets, Sale, Sale 2, sport, tag__hot_Sale, waterproof, zip","REPLACE","47422839095545","45333788000505","MERGE","30","10207-700-0018","64.99","64.99","0","0","true"
"8461186662649","cutter-jacket","Cutter Jacket","mens, mens-jackets, Sale, Sale 2, sport, tag__hot_Sale, waterproof, zip","REPLACE","47422839128313","45333788033273","MERGE","31","10207-700-0019","64.99","64.99","0","0","true"
"8461186662649","cutter-jacket","Cutter Jacket","mens, mens-jackets, Sale, Sale 2, sport, tag__hot_Sale, waterproof, zip","REPLACE","47422839161081","45333788066041","MERGE","32","10207-700-0020","64.99","64.99","0","0","true"
"8461186662649","cutter-jacket","Cutter Jacket","mens, mens-jackets, Sale, Sale 2, sport, tag__hot_Sale, waterproof, zip","REPLACE","47422838440185","45333787345145","MERGE","33","10207-425-0012","84.99","64.99","11","0","true"
"8461186662649","cutter-jacket","Cutter Jacket","mens, mens-jackets, Sale, Sale 2, sport, tag__hot_Sale, waterproof, zip","REPLACE","47422838472953","45333787377913","MERGE","34","10207-425-0013","84.99","64.99","17","0","true"
"8461186662649","cutter-jacket","Cutter Jacket","mens, mens-jackets, Sale, Sale 2, sport, tag__hot_Sale, waterproof, zip","REPLACE","47422838505721","45333787410681","MERGE","35","10207-425-0014","84.99","64.99","1","0","true"
"8461186662649","cutter-jacket","Cutter Jacket","mens, mens-jackets, Sale, Sale 2, sport, tag__hot_Sale, waterproof, zip","REPLACE","47422838538489","45333787443449","MERGE","36","10207-425-0015","84.99","64.99","1","0","true"
"8461186662649","cutter-jacket","Cutter Jacket","mens, mens-jackets, Sale, Sale 2, sport, tag__hot_Sale, waterproof, zip","REPLACE","47422838571257","45333787476217","MERGE","37","10207-425-0016","84.99","64.99","0","0","true"
"8461186662649","cutter-jacket","Cutter Jacket","mens, mens-jackets, Sale, Sale 2, sport, tag__hot_Sale, waterproof, zip","REPLACE","47422838604025","45333787508985","MERGE","38","10207-425-0017","84.99","64.99","1","0","true"
"8461186662649","cutter-jacket","Cutter Jacket","mens, mens-jackets, Sale, Sale 2, sport, tag__hot_Sale, waterproof, zip","REPLACE","47422838636793","45333787541753","MERGE","39","10207-425-0018","84.99","64.99","0","0","true"
"8461186662649","cutter-jacket","Cutter Jacket","mens, mens-jackets, Sale, Sale 2, sport, tag__hot_Sale, waterproof, zip","REPLACE","47527281721593","45442532245753","MERGE","40","10207-368-0019","64.99","64.99","0","0",""
"8461186662649","cutter-jacket","Cutter Jacket","mens, mens-jackets, Sale, Sale 2, sport, tag__hot_Sale, waterproof, zip","REPLACE","47527284048121","45442534572281","MERGE","41","10207-368-0020","64.99","64.99","0","0",""
"8461186662649","cutter-jacket","Cutter Jacket","mens, mens-jackets, Sale, Sale 2, sport, tag__hot_Sale, waterproof, zip","REPLACE","47527286505721","45442537029881","MERGE","42","10207-600-0019","84.99","64.99","0","0",""
"8461186662649","cutter-jacket","Cutter Jacket","mens, mens-jackets, Sale, Sale 2, sport, tag__hot_Sale, waterproof, zip","REPLACE","47527287619833","45442538143993","MERGE","43","10207-600-0020","84.99","64.99","0","0",""
"8461186662649","cutter-jacket","Cutter Jacket","mens, mens-jackets, Sale, Sale 2, sport, tag__hot_Sale, waterproof, zip","REPLACE","47527289946361","45442540470521","MERGE","44","10207-425-0019","84.99","64.99","0","0",""
"8461186662649","cutter-jacket","Cutter Jacket","mens, mens-jackets, Sale, Sale 2, sport, tag__hot_Sale, waterproof, zip","REPLACE","47527291355385","45442541879545","MERGE","45","10207-425-0020","84.99","64.99","0","0",""
"8461187580153","poppin-south-ss-tech-tee","Poppin' South SS Tech Tee","","REPLACE","47419022606585","45329818386681","MERGE","1","50429-100-0013","29.99","39.99","12","0",""
"8461187580153","poppin-south-ss-tech-tee","Poppin' South SS Tech Tee","","REPLACE","47422835785977","45333784920313","MERGE","2","50429-100-0014","29.99","39.99","11","0",""
"8461187580153","poppin-south-ss-tech-tee","Poppin' South SS Tech Tee","","REPLACE","47422835818745","45333784953081","MERGE","3","50429-100-0015","29.99","39.99","12","0",""
"8461187580153","poppin-south-ss-tech-tee","Poppin' South SS Tech Tee","","REPLACE","47422835851513","45333784985849","MERGE","4","50429-100-0016","29.99","39.99","6","0",""
"8461187580153","poppin-south-ss-tech-tee","Poppin' South SS Tech Tee","","REPLACE","47422835884281","45333785018617","MERGE","5","50429-100-0017","29.99","39.99","10","0",""
"8461187580153","poppin-south-ss-tech-tee","Poppin' South SS Tech Tee","","REPLACE","47422835917049","45333785051385","MERGE","6","50429-100-0018","29.99","39.99","10","0",""
"8461187645689","riser-hoodie","Riser Hoodie","","REPLACE","47419022704889","45329818484985","MERGE","1","50432-425-0013","64.99","64.99","49","0",""
"8461187645689","riser-hoodie","Riser Hoodie","","REPLACE","47422844272889","45333792489721","MERGE","2","50432-425-0014","64.99","64.99","78","0",""
"8461187645689","riser-hoodie","Riser Hoodie","","REPLACE","47422844305657","45333792522489","MERGE","3","50432-425-0015","64.99","64.99","0","0",""
"8461187645689","riser-hoodie","Riser Hoodie","","REPLACE","47422844338425","45333792555257","MERGE","4","50432-425-0016","64.99","64.99","0","0",""
"8461187645689","riser-hoodie","Riser Hoodie","","REPLACE","47422844371193","45333792588025","MERGE","5","50432-425-0017","64.99","64.99","31","0",""
"8461187645689","riser-hoodie","Riser Hoodie","","REPLACE","47422844403961","45333792620793","MERGE","6","50432-425-0018","64.99","64.99","0","0",""
"8461187678457","riser-ls-t-shirt","Riser LS T-Shirt","","REPLACE","47419022737657","45329818616057","MERGE","1","50434-425-0013","29.99","29.99","0","0",""
"8461187678457","riser-ls-t-shirt","Riser LS T-Shirt","","REPLACE","47422834344185","45333783642361","MERGE","2","50434-425-0014","29.99","29.99","0","0",""
"8461187678457","riser-ls-t-shirt","Riser LS T-Shirt","","REPLACE","47422834376953","45333783675129","MERGE","3","50434-425-0015","29.99","29.99","0","0",""
"8461187678457","riser-ls-t-shirt","Riser LS T-Shirt","","REPLACE","47422834409721","45333783707897","MERGE","4","50434-425-0016","29.99","29.99","0","0",""
"8461187678457","riser-ls-t-shirt","Riser LS T-Shirt","","REPLACE","47422834442489","45333783740665","MERGE","5","50434-425-0017","29.99","29.99","0","0",""
"8461187678457","riser-ls-t-shirt","Riser LS T-Shirt","","REPLACE","47422834475257","45333783773433","MERGE","6","50434-425-0018","29.99","29.99","0","0",""
"8461187776761","support-fishermen-ss-t-shirt","Support Fishermen SS T-Shirt","","REPLACE","47419022967033","45329819042041","MERGE","1","50437-001-0013","29.99","","4","0",""
"8461187776761","support-fishermen-ss-t-shirt","Support Fishermen SS T-Shirt","","REPLACE","47422836375801","45333785411833","MERGE","2","50437-001-0014","29.99","","9","0",""
"8461187776761","support-fishermen-ss-t-shirt","Support Fishermen SS T-Shirt","","REPLACE","47422836408569","45333785444601","MERGE","3","50437-001-0015","29.99","","14","0",""
"8461187776761","support-fishermen-ss-t-shirt","Support Fishermen SS T-Shirt","","REPLACE","47422836441337","45333785477369","MERGE","4","50437-001-0016","29.99","","2","0",""
"8461187776761","support-fishermen-ss-t-shirt","Support Fishermen SS T-Shirt","","REPLACE","47422836474105","45333785510137","MERGE","5","50437-001-0017","29.99","","6","0",""
"8461187776761","support-fishermen-ss-t-shirt","Support Fishermen SS T-Shirt","","REPLACE","47422836506873","45333785542905","MERGE","6","50437-001-0018","29.99","","1","0",""
"8461187842297","support-guides-ss-t-shirt","Support Guides SS T-Shirt","","REPLACE","47419023032569","45329819140345","MERGE","1","50439-425-0013","29.99","","1","0",""
"8461187842297","support-guides-ss-t-shirt","Support Guides SS T-Shirt","","REPLACE","47422836179193","45333785247993","MERGE","2","50439-425-0014","29.99","","2","0",""
"8461187842297","support-guides-ss-t-shirt","Support Guides SS T-Shirt","","REPLACE","47422836211961","45333785280761","MERGE","3","50439-425-0015","29.99","","0","0",""
"8461187842297","support-guides-ss-t-shirt","Support Guides SS T-Shirt","","REPLACE","47422836244729","45333785313529","MERGE","4","50439-425-0016","29.99","","21","0",""
"8461187842297","support-guides-ss-t-shirt","Support Guides SS T-Shirt","","REPLACE","47422836277497","45333785346297","MERGE","5","50439-425-0017","29.99","","1","0",""
"8461187842297","support-guides-ss-t-shirt","Support Guides SS T-Shirt","","REPLACE","47422836310265","45333785379065","MERGE","6","50439-425-0018","29.99","","0","0",""
"8461381697785","kryall-pant","Kryall Pant","","REPLACE","47419960983801","45330784813305","MERGE","1","20046-912-0013","119.99","119.99","35","0",""
"8461381697785","kryall-pant","Kryall Pant","","REPLACE","47422843879673","45333792162041","MERGE","2","20046-912-0014","119.99","119.99","82","0",""
"8461381697785","kryall-pant","Kryall Pant","","REPLACE","47422843912441","45333792194809","MERGE","3","20046-912-0015","119.99","119.99","118","0",""
"8461381697785","kryall-pant","Kryall Pant","","REPLACE","47422843945209","45333792227577","MERGE","4","20046-912-0016","119.99","119.99","93","0",""
"8461381697785","kryall-pant","Kryall Pant","","REPLACE","47422843977977","45333792260345","MERGE","5","20046-912-0017","119.99","119.99","69","0",""
"8461381697785","kryall-pant","Kryall Pant","","REPLACE","47422844010745","45333792293113","MERGE","6","20046-912-0018","119.99","119.99","37","0",""
"8461187875065","we-are-salt-ls-tech-tee","We Are Salt LS Tech Tee","","REPLACE","47422834540793","45333783806201","MERGE","1","50454-100-0013","44.99","0.00","2","0",""
"8461187875065","we-are-salt-ls-tech-tee","We Are Salt LS Tech Tee","","REPLACE","47422834573561","45333783838969","MERGE","2","50454-100-0014","44.99","0.00","0","0",""
"8461187875065","we-are-salt-ls-tech-tee","We Are Salt LS Tech Tee","","REPLACE","47422834606329","45333783871737","MERGE","3","50454-100-0015","44.99","0.00","0","0",""
"8461187875065","we-are-salt-ls-tech-tee","We Are Salt LS Tech Tee","","REPLACE","47422834639097","45333783904505","MERGE","4","50454-100-0016","44.99","0.00","0","0",""
"8461187875065","we-are-salt-ls-tech-tee","We Are Salt LS Tech Tee","","REPLACE","47422834671865","45333783937273","MERGE","5","50454-100-0017","44.99","0.00","8","0",""
"8461187875065","we-are-salt-ls-tech-tee","We Are Salt LS Tech Tee","","REPLACE","47422834704633","45333783970041","MERGE","6","50454-418-0018","44.99","0.00","0","0",""
"8461187875065","we-are-salt-ls-tech-tee","We Are Salt LS Tech Tee","","REPLACE","47422834737401","45333784002809","MERGE","7","50454-418-0013","44.99","0.00","0","0",""
"8461187875065","we-are-salt-ls-tech-tee","We Are Salt LS Tech Tee","","REPLACE","47422834770169","45333784035577","MERGE","8","50454-418-0014","44.99","0.00","0","0",""
"8461187875065","we-are-salt-ls-tech-tee","We Are Salt LS Tech Tee","","REPLACE","47422834802937","45333784068345","MERGE","9","50454-418-0015","44.99","0.00","0","0",""
"8461187875065","we-are-salt-ls-tech-tee","We Are Salt LS Tech Tee","","REPLACE","47422834835705","45333784101113","MERGE","10","50454-418-0016","44.99","0.00","15","0",""
"8461187875065","we-are-salt-ls-tech-tee","We Are Salt LS Tech Tee","","REPLACE","47545022808313","45460305674489","MERGE","11","50454-418-0018","44.99","0.00","0","0",""
"8461187875065","we-are-salt-ls-tech-tee","We Are Salt LS Tech Tee","","REPLACE","47422834868473","45333784166649","MERGE","12","50454-418-0017","44.99","0.00","0","0",""
"8461381894393","cloud-cover-leather-boot","Cloud Cover Leather Boot","","REPLACE","47422842241273","45333790785785","MERGE","1","60057-235-1008","104.99","139.99","63","0",""
"8461381894393","cloud-cover-leather-boot","Cloud Cover Leather Boot","","REPLACE","47422842274041","45333790818553","MERGE","2","60057-235-1009","104.99","139.99","29","0",""
"8461381894393","cloud-cover-leather-boot","Cloud Cover Leather Boot","","REPLACE","47422842306809","45333790851321","MERGE","3","60057-235-1010","104.99","139.99","20","0",""
"8461381894393","cloud-cover-leather-boot","Cloud Cover Leather Boot","","REPLACE","47422842339577","45333790884089","MERGE","4","60057-235-1011","104.99","139.99","85","0",""
"8461381894393","cloud-cover-leather-boot","Cloud Cover Leather Boot","","REPLACE","47422842372345","45333790916857","MERGE","5","60057-235-1012","104.99","139.99","74","0",""
"8461381894393","cloud-cover-leather-boot","Cloud Cover Leather Boot","","REPLACE","47422842405113","45333790949625","MERGE","6","60057-235-1013","104.99","139.99","72","0",""
"8461381894393","cloud-cover-leather-boot","Cloud Cover Leather Boot","","REPLACE","47422842437881","45333790982393","MERGE","7","60057-235-1014","104.99","139.99","49","0",""
"8461381959929","dockyard-pull-on-boot","Dockyard Pull-On Boot","footwear, mens, Sale, Sale 2, shoes, tag__hot_Sale","REPLACE","47419962065145","45330785894649","MERGE","1","60058-920-1008","139.99","0.00","1","0",""
"8461381959929","dockyard-pull-on-boot","Dockyard Pull-On Boot","footwear, mens, Sale, Sale 2, shoes, tag__hot_Sale","REPLACE","47422843355385","45333791801593","MERGE","2","60058-920-1009","139.99","0.00","0","0",""
"8461381959929","dockyard-pull-on-boot","Dockyard Pull-On Boot","footwear, mens, Sale, Sale 2, shoes, tag__hot_Sale","REPLACE","47422843388153","45333791834361","MERGE","3","60058-920-1010","139.99","0.00","1","0",""
"8461381959929","dockyard-pull-on-boot","Dockyard Pull-On Boot","footwear, mens, Sale, Sale 2, shoes, tag__hot_Sale","REPLACE","47422843420921","45333791867129","MERGE","4","60058-920-1011","139.99","0.00","0","0",""
"8461381959929","dockyard-pull-on-boot","Dockyard Pull-On Boot","footwear, mens, Sale, Sale 2, shoes, tag__hot_Sale","REPLACE","47422843453689","45333791899897","MERGE","5","60058-920-1012","139.99","0.00","0","0",""
"8461381959929","dockyard-pull-on-boot","Dockyard Pull-On Boot","footwear, mens, Sale, Sale 2, shoes, tag__hot_Sale","REPLACE","47422843486457","45333791932665","MERGE","6","60058-920-1013","139.99","0.00","0","0",""
"8461381959929","dockyard-pull-on-boot","Dockyard Pull-On Boot","footwear, mens, Sale, Sale 2, shoes, tag__hot_Sale","REPLACE","47422843519225","45333791965433","MERGE","7","60058-920-1014","139.99","0.00","1","0",""
"8461381828857","bankside-lined-shacket","Bankside Lined Shacket","flannel","REPLACE","47422841651449","45333790228729","MERGE","1","40116-919-0014","129.99","0.00","1","0",""
"8461381828857","bankside-lined-shacket","Bankside Lined Shacket","flannel","REPLACE","47422841684217","45333790261497","MERGE","2","40116-919-0015","129.99","0.00","2","0",""
"8461381828857","bankside-lined-shacket","Bankside Lined Shacket","flannel","REPLACE","47422841716985","45333790294265","MERGE","3","40116-919-0016","129.99","0.00","2","0",""
"8461381828857","bankside-lined-shacket","Bankside Lined Shacket","flannel","REPLACE","47422841749753","45333790327033","MERGE","4","40116-919-0017","129.99","0.00","0","0",""
"8461381828857","bankside-lined-shacket","Bankside Lined Shacket","flannel","REPLACE","47422841782521","45333790359801","MERGE","5","40116-919-0018","129.99","0.00","1","0",""
"8461381828857","bankside-lined-shacket","Bankside Lined Shacket","flannel","REPLACE","47422841815289","45333790392569","MERGE","6","40116-922-0013","149.99","","18","0",""
"8461381828857","bankside-lined-shacket","Bankside Lined Shacket","flannel","REPLACE","47422841848057","45333790425337","MERGE","7","40116-922-0014","149.99","","98","0",""
"8461381828857","bankside-lined-shacket","Bankside Lined Shacket","flannel","REPLACE","47422841880825","45333790458105","MERGE","8","40116-922-0015","149.99","","176","0",""
"8461381828857","bankside-lined-shacket","Bankside Lined Shacket","flannel","REPLACE","47422841913593","45333790490873","MERGE","9","40116-922-0016","149.99","","234","0",""
"8461381828857","bankside-lined-shacket","Bankside Lined Shacket","flannel","REPLACE","47422841946361","45333790523641","MERGE","10","40116-922-0017","149.99","","57","0",""
"8461381828857","bankside-lined-shacket","Bankside Lined Shacket","flannel","REPLACE","47422841979129","45333790556409","MERGE","11","40116-922-0018","149.99","","36","0",""
"8461381828857","bankside-lined-shacket","Bankside Lined Shacket","flannel","REPLACE","48919625498873","46836335739129","MERGE","12","40116-996-0013","149.99","","13","0",""
"8461381828857","bankside-lined-shacket","Bankside Lined Shacket","flannel","REPLACE","48919625531641","46836335771897","MERGE","13","40116-996-0014","149.99","","8","0",""
"8461381828857","bankside-lined-shacket","Bankside Lined Shacket","flannel","REPLACE","48919625564409","46836335804665","MERGE","14","40116-996-0015","149.99","","24","0",""
"8461381828857","bankside-lined-shacket","Bankside Lined Shacket","flannel","REPLACE","48919625597177","46836335837433","MERGE","15","40116-996-0016","149.99","","27","0",""
"8461381828857","bankside-lined-shacket","Bankside Lined Shacket","flannel","REPLACE","48919625629945","46836335870201","MERGE","16","40116-996-0017","149.99","","17","0",""
"8461381828857","bankside-lined-shacket","Bankside Lined Shacket","flannel","REPLACE","48919625662713","46836335902969","MERGE","17","40116-996-0018","149.99","","7","0",""
"8461381796089","bulkhead-jacket","Bulkhead Jacket","mens, mens-jackets, Sale, Sale 2, sport, tag__hot_Sale, waterproof, zip","REPLACE","47419961508089","45330785337593","MERGE","1","20059-236-0013","149.99","","11","0",""
"8461381796089","bulkhead-jacket","Bulkhead Jacket","mens, mens-jackets, Sale, Sale 2, sport, tag__hot_Sale, waterproof, zip","REPLACE","47422837358841","45333786001657","MERGE","2","20059-236-0014","149.99","","23","0",""
"8461381796089","bulkhead-jacket","Bulkhead Jacket","mens, mens-jackets, Sale, Sale 2, sport, tag__hot_Sale, waterproof, zip","REPLACE","47422837391609","45333786198265","MERGE","3","20059-236-0015","149.99","","15","0",""
"8461381796089","bulkhead-jacket","Bulkhead Jacket","mens, mens-jackets, Sale, Sale 2, sport, tag__hot_Sale, waterproof, zip","REPLACE","47422837424377","45333786296569","MERGE","4","20059-236-0016","149.99","","8","0",""
"8461381796089","bulkhead-jacket","Bulkhead Jacket","mens, mens-jackets, Sale, Sale 2, sport, tag__hot_Sale, waterproof, zip","REPLACE","47422837457145","45333786362105","MERGE","5","20059-236-0017","149.99","","0","0",""
"8461381796089","bulkhead-jacket","Bulkhead Jacket","mens, mens-jackets, Sale, Sale 2, sport, tag__hot_Sale, waterproof, zip","REPLACE","47422837489913","45333786427641","MERGE","6","20059-236-0018","149.99","","0","0",""
"8461381796089","bulkhead-jacket","Bulkhead Jacket","mens, mens-jackets, Sale, Sale 2, sport, tag__hot_Sale, waterproof, zip","REPLACE","47422837522681","45333786460409","MERGE","7","20059-425-0013","104.99","139.99","19","0",""
"8461381796089","bulkhead-jacket","Bulkhead Jacket","mens, mens-jackets, Sale, Sale 2, sport, tag__hot_Sale, waterproof, zip","REPLACE","47422837555449","45333786493177","MERGE","8","20059-425-0014","104.99","139.99","0","0",""
"8461381796089","bulkhead-jacket","Bulkhead Jacket","mens, mens-jackets, Sale, Sale 2, sport, tag__hot_Sale, waterproof, zip","REPLACE","47422837588217","45333786525945","MERGE","9","20059-425-0015","104.99","139.99","46","0",""
"8461381796089","bulkhead-jacket","Bulkhead Jacket","mens, mens-jackets, Sale, Sale 2, sport, tag__hot_Sale, waterproof, zip","REPLACE","47422837620985","45333786558713","MERGE","10","20059-425-0016","104.99","139.99","0","0",""
"8461381796089","bulkhead-jacket","Bulkhead Jacket","mens, mens-jackets, Sale, Sale 2, sport, tag__hot_Sale, waterproof, zip","REPLACE","47422837653753","45333786591481","MERGE","11","20059-425-0017","104.99","139.99","0","0",""
"8461381796089","bulkhead-jacket","Bulkhead Jacket","mens, mens-jackets, Sale, Sale 2, sport, tag__hot_Sale, waterproof, zip","REPLACE","47422837686521","45333786624249","MERGE","12","20059-425-0018","104.99","139.99","0","0",""
"8461381796089","bulkhead-jacket","Bulkhead Jacket","mens, mens-jackets, Sale, Sale 2, sport, tag__hot_Sale, waterproof, zip","REPLACE","47422837719289","45333786657017","MERGE","13","20059-471-0013","129.99","139.99","69","0",""
"8461381796089","bulkhead-jacket","Bulkhead Jacket","mens, mens-jackets, Sale, Sale 2, sport, tag__hot_Sale, waterproof, zip","REPLACE","47422837752057","45333786689785","MERGE","14","20059-471-0014","129.99","139.99","179","0",""
"8461381796089","bulkhead-jacket","Bulkhead Jacket","mens, mens-jackets, Sale, Sale 2, sport, tag__hot_Sale, waterproof, zip","REPLACE","47422837784825","45333786722553","MERGE","15","20059-471-0015","129.99","139.99","129","0",""
"8461381796089","bulkhead-jacket","Bulkhead Jacket","mens, mens-jackets, Sale, Sale 2, sport, tag__hot_Sale, waterproof, zip","REPLACE","47422837817593","45333786755321","MERGE","16","20059-471-0016","129.99","139.99","0","0",""
"8461381796089","bulkhead-jacket","Bulkhead Jacket","mens, mens-jackets, Sale, Sale 2, sport, tag__hot_Sale, waterproof, zip","REPLACE","47422837850361","45333786788089","MERGE","17","20059-471-0017","129.99","139.99","0","0",""
"8461381796089","bulkhead-jacket","Bulkhead Jacket","mens, mens-jackets, Sale, Sale 2, sport, tag__hot_Sale, waterproof, zip","REPLACE","47422837883129","45333786820857","MERGE","18","20059-471-0018","129.99","139.99","0","0",""
"8461381796089","bulkhead-jacket","Bulkhead Jacket","mens, mens-jackets, Sale, Sale 2, sport, tag__hot_Sale, waterproof, zip","REPLACE","48618023289081","46534633816313","MERGE","19","20059-001-0013","149.99","","1","0",""
"8461381796089","bulkhead-jacket","Bulkhead Jacket","mens, mens-jackets, Sale, Sale 2, sport, tag__hot_Sale, waterproof, zip","REPLACE","48618023321849","46534633849081","MERGE","20","20059-001-0014","149.99","","2","0",""
"8461381796089","bulkhead-jacket","Bulkhead Jacket","mens, mens-jackets, Sale, Sale 2, sport, tag__hot_Sale, waterproof, zip","REPLACE","48618023354617","46534633881849","MERGE","21","20059-001-0015","149.99","","8","0",""
"8461381796089","bulkhead-jacket","Bulkhead Jacket","mens, mens-jackets, Sale, Sale 2, sport, tag__hot_Sale, waterproof, zip","REPLACE","48618023387385","46534633914617","MERGE","22","20059-001-0016","149.99","","0","0",""
"8461381796089","bulkhead-jacket","Bulkhead Jacket","mens, mens-jackets, Sale, Sale 2, sport, tag__hot_Sale, waterproof, zip","REPLACE","48618023420153","46534633947385","MERGE","23","20059-001-0017","149.99","","3","0",""
"8461381796089","bulkhead-jacket","Bulkhead Jacket","mens, mens-jackets, Sale, Sale 2, sport, tag__hot_Sale, waterproof, zip","REPLACE","48618023452921","46534633980153","MERGE","24","20059-001-0018","149.99","","1","0",""
"8488411693305","displacement-dwr-hoodie-neon-yellow-anchor","Displacement DWR Hoodie Hi-Vis Anchor","","REPLACE","47492415226105","45406423974137","MERGE","1","20032-730-0012","43.99","64.99","0","0","true"
"8488411693305","displacement-dwr-hoodie-neon-yellow-anchor","Displacement DWR Hoodie Hi-Vis Anchor","","REPLACE","47492415258873","45406424006905","MERGE","2","20032-730-0013","43.99","64.99","0","0","true"
"8488411693305","displacement-dwr-hoodie-neon-yellow-anchor","Displacement DWR Hoodie Hi-Vis Anchor","","REPLACE","47492415291641","45406424039673","MERGE","3","20032-730-0014","43.99","64.99","0","0","true"
"8488411693305","displacement-dwr-hoodie-neon-yellow-anchor","Displacement DWR Hoodie Hi-Vis Anchor","","REPLACE","47492415324409","45406424072441","MERGE","4","20032-730-0015","43.99","64.99","0","0","true"
"8488411693305","displacement-dwr-hoodie-neon-yellow-anchor","Displacement DWR Hoodie Hi-Vis Anchor","","REPLACE","47492415357177","45406424105209","MERGE","5","20032-730-0016","43.99","64.99","0","0","true"
"8488411693305","displacement-dwr-hoodie-neon-yellow-anchor","Displacement DWR Hoodie Hi-Vis Anchor","","REPLACE","47492415389945","45406424498425","MERGE","6","20032-730-0017","56.99","84.99","0","0","true"
"8488411693305","displacement-dwr-hoodie-neon-yellow-anchor","Displacement DWR Hoodie Hi-Vis Anchor","","REPLACE","47492415422713","45406424531193","MERGE","7","20032-730-0018","56.99","84.99","0","0","true"
"8488411693305","displacement-dwr-hoodie-neon-yellow-anchor","Displacement DWR Hoodie Hi-Vis Anchor","","REPLACE","47492415455481","45406424563961","MERGE","8","20032-730-0019","56.99","84.99","0","0","true"
"8488411693305","displacement-dwr-hoodie-neon-yellow-anchor","Displacement DWR Hoodie Hi-Vis Anchor","","REPLACE","47492415488249","45406424727801","MERGE","9","20032-730-0020","56.99","84.99","0","0","true"
"8488415920377","script-displacement-dwr-hoodie","Displacement DWR Hoodie Script","","REPLACE","47492478107897","45406498259193","MERGE","1","20032-033-0012","56.99","84.99","0","0","true"
"8488415920377","script-displacement-dwr-hoodie","Displacement DWR Hoodie Script","","REPLACE","47492478140665","45406498291961","MERGE","2","20032-033-0013","56.99","84.99","0","0","true"
"8488415920377","script-displacement-dwr-hoodie","Displacement DWR Hoodie Script","","REPLACE","47492478173433","45406498324729","MERGE","3","20032-033-0014","56.99","84.99","0","0","true"
"8488415920377","script-displacement-dwr-hoodie","Displacement DWR Hoodie Script","","REPLACE","47492478206201","45406498357497","MERGE","4","20032-033-0015","43.99","64.99","0","0","true"
"8488415920377","script-displacement-dwr-hoodie","Displacement DWR Hoodie Script","","REPLACE","47492478238969","45406498390265","MERGE","5","20032-033-0016","43.99","64.99","0","0","true"
"8488415920377","script-displacement-dwr-hoodie","Displacement DWR Hoodie Script","","REPLACE","47492478271737","45406498423033","MERGE","6","20032-033-0017","43.99","64.99","0","0","true"
"8488415920377","script-displacement-dwr-hoodie","Displacement DWR Hoodie Script","","REPLACE","47492478304505","45406498455801","MERGE","7","20032-033-0018","43.99","64.99","0","0","true"
"8488415920377","script-displacement-dwr-hoodie","Displacement DWR Hoodie Script","","REPLACE","47492478337273","45406498488569","MERGE","8","20032-033-0019","43.99","64.99","0","0","true"
"8488415920377","script-displacement-dwr-hoodie","Displacement DWR Hoodie Script","","REPLACE","47492478370041","45406498521337","MERGE","9","20032-033-0020","43.99","64.99","0","0","true"
"8488422506745","displacement-dwr-hoodie-b","Kraken Displacement DWR Hoodie","","REPLACE","47492515561721","45406545969401","MERGE","1","50506-340-0013","55.99","74.99","0","0",""
"8488422506745","displacement-dwr-hoodie-b","Kraken Displacement DWR Hoodie","","REPLACE","47492515594489","45406546002169","MERGE","2","50506-340-0014","55.99","74.99","0","0",""
"8488422506745","displacement-dwr-hoodie-b","Kraken Displacement DWR Hoodie","","REPLACE","47492515627257","45406546034937","MERGE","3","50506-340-0015","55.99","","0","0",""
"8488422506745","displacement-dwr-hoodie-b","Kraken Displacement DWR Hoodie","","REPLACE","47492515660025","45406546067705","MERGE","4","50506-340-0016","55.99","","0","0",""
"8488422506745","displacement-dwr-hoodie-b","Kraken Displacement DWR Hoodie","","REPLACE","47492515692793","45406546100473","MERGE","5","50506-340-0017","55.99","74.99","0","0",""
"8488422506745","displacement-dwr-hoodie-b","Kraken Displacement DWR Hoodie","","REPLACE","47492515725561","45406546133241","MERGE","6","50506-340-0018","55.99","74.99","0","0",""
"8461404602617","neptune-thermo-jacket-1","Neptune Thermo Jacket","commercial","REPLACE","47420073640185","45330897469689","MERGE","1","10211-366-0013","139.99","","3","0",""
"8461404602617","neptune-thermo-jacket-1","Neptune Thermo Jacket","commercial","REPLACE","47422840013049","45333788655865","MERGE","2","10211-366-0014","139.99","","4","0",""
"8461404602617","neptune-thermo-jacket-1","Neptune Thermo Jacket","commercial","REPLACE","47422840045817","45333788688633","MERGE","3","10211-366-0015","139.99","","3","0",""
"8461404602617","neptune-thermo-jacket-1","Neptune Thermo Jacket","commercial","REPLACE","47422840078585","45333788721401","MERGE","4","10211-366-0016","139.99","","2","0",""
"8461404602617","neptune-thermo-jacket-1","Neptune Thermo Jacket","commercial","REPLACE","47422840111353","45333788754169","MERGE","5","10211-366-0017","139.99","","0","0",""
"8461404602617","neptune-thermo-jacket-1","Neptune Thermo Jacket","commercial","REPLACE","47422840144121","45333788786937","MERGE","6","10211-366-0018","139.99","","3","0",""
"8461404602617","neptune-thermo-jacket-1","Neptune Thermo Jacket","commercial","REPLACE","47422840176889","45333788819705","MERGE","7","10211-425-0013","139.99","0.00","0","0",""
"8461404602617","neptune-thermo-jacket-1","Neptune Thermo Jacket","commercial","REPLACE","47422840209657","45333788852473","MERGE","8","10211-425-0014","139.99","0.00","0","0",""
"8461404602617","neptune-thermo-jacket-1","Neptune Thermo Jacket","commercial","REPLACE","47422840242425","45333788885241","MERGE","9","10211-425-0015","139.99","0.00","0","0",""
"8461404602617","neptune-thermo-jacket-1","Neptune Thermo Jacket","commercial","REPLACE","47422840275193","45333788918009","MERGE","10","10211-425-0016","139.99","0.00","-1","0",""
"8461404602617","neptune-thermo-jacket-1","Neptune Thermo Jacket","commercial","REPLACE","47422840307961","45333788950777","MERGE","11","10211-425-0017","139.99","0.00","0","0",""
"8461404602617","neptune-thermo-jacket-1","Neptune Thermo Jacket","commercial","REPLACE","47422840340729","45333788983545","MERGE","12","10211-425-0018","139.99","0.00","15","0",""
"8461404602617","neptune-thermo-jacket-1","Neptune Thermo Jacket","commercial","REPLACE","47422840373497","45333789016313","MERGE","13","10211-811-0013","139.99","","0","0",""
"8461404602617","neptune-thermo-jacket-1","Neptune Thermo Jacket","commercial","REPLACE","47422840406265","45333789049081","MERGE","14","10211-811-0014","139.99","","2","0",""
"8461404602617","neptune-thermo-jacket-1","Neptune Thermo Jacket","commercial","REPLACE","47422840439033","45333789081849","MERGE","15","10211-811-0015","139.99","","2","0",""
"8461404602617","neptune-thermo-jacket-1","Neptune Thermo Jacket","commercial","REPLACE","47422840471801","45333789114617","MERGE","16","10211-811-0016","139.99","","0","0",""
"8461404602617","neptune-thermo-jacket-1","Neptune Thermo Jacket","commercial","REPLACE","47422840504569","45333789147385","MERGE","17","10211-811-0017","139.99","","1","0",""
"8461404602617","neptune-thermo-jacket-1","Neptune Thermo Jacket","commercial","REPLACE","47422840537337","45333789180153","MERGE","18","10211-811-0018","139.99","","2","0",""
"8490521460985","displacement-dwr-hoodie-support-local-lobsterman","Support Local Lobsterman Displacement DWR Hoodie","hoodie, mens","REPLACE","47497778200825","45412143595769","MERGE","1","50506-075-0013","56.99","74.99","31","0",""
"8490521460985","displacement-dwr-hoodie-support-local-lobsterman","Support Local Lobsterman Displacement DWR Hoodie","hoodie, mens","REPLACE","47497778233593","45412143628537","MERGE","2","50506-075-0014","56.99","74.99","16","0",""
"8490521460985","displacement-dwr-hoodie-support-local-lobsterman","Support Local Lobsterman Displacement DWR Hoodie","hoodie, mens","REPLACE","47497778266361","45412143661305","MERGE","3","50506-075-0015","56.99","74.99","0","0",""
"8490521460985","displacement-dwr-hoodie-support-local-lobsterman","Support Local Lobsterman Displacement DWR Hoodie","hoodie, mens","REPLACE","47497778299129","45412143694073","MERGE","4","50506-075-0016","56.99","74.99","0","0",""
"8490521460985","displacement-dwr-hoodie-support-local-lobsterman","Support Local Lobsterman Displacement DWR Hoodie","hoodie, mens","REPLACE","47497778331897","45412143726841","MERGE","5","50506-075-0017","56.99","74.99","0","0",""
"8490521460985","displacement-dwr-hoodie-support-local-lobsterman","Support Local Lobsterman Displacement DWR Hoodie","hoodie, mens","REPLACE","47497778364665","45412143759609","MERGE","6","50506-075-0018","56.99","74.99","0","0",""
"8490522247417","displacement-dwr-hoodie-support-local-fishermen","Support Local Fishermen Displacement DWR Hoodie","hoodie, mens","REPLACE","47497786818809","45412152213753","MERGE","1","50506-076-0013","79.99","","2","0",""
"8490522247417","displacement-dwr-hoodie-support-local-fishermen","Support Local Fishermen Displacement DWR Hoodie","hoodie, mens","REPLACE","47497786851577","45412152246521","MERGE","2","50506-076-0014","79.99","","3","0",""
"8490522247417","displacement-dwr-hoodie-support-local-fishermen","Support Local Fishermen Displacement DWR Hoodie","hoodie, mens","REPLACE","47497786884345","45412152279289","MERGE","3","50506-076-0015","79.99","","4","0",""
"8490522247417","displacement-dwr-hoodie-support-local-fishermen","Support Local Fishermen Displacement DWR Hoodie","hoodie, mens","REPLACE","47497786917113","45412152312057","MERGE","4","50506-076-0016","79.99","","0","0",""
"8490522247417","displacement-dwr-hoodie-support-local-fishermen","Support Local Fishermen Displacement DWR Hoodie","hoodie, mens","REPLACE","47497786949881","45412152344825","MERGE","5","50506-076-0017","79.99","","0","0",""
"8490522247417","displacement-dwr-hoodie-support-local-fishermen","Support Local Fishermen Displacement DWR Hoodie","hoodie, mens","REPLACE","47497786982649","45412152377593","MERGE","6","50506-076-0018","79.99","","0","0",""
"8490522673401","displacement-dwr-hoodie-support-local-guides","Support Local Fishing Guides Displacement DWR Hoodie","hoodie, mens","REPLACE","47497788293369","45412153688313","MERGE","1","50506-492-0013","79.99","","1","0",""
"8490522673401","displacement-dwr-hoodie-support-local-guides","Support Local Fishing Guides Displacement DWR Hoodie","hoodie, mens","REPLACE","47497788326137","45412153721081","MERGE","2","50506-492-0014","79.99","","0","0",""
"8490522673401","displacement-dwr-hoodie-support-local-guides","Support Local Fishing Guides Displacement DWR Hoodie","hoodie, mens","REPLACE","47497788358905","45412153753849","MERGE","3","50506-492-0015","79.99","","0","0",""
"8490522673401","displacement-dwr-hoodie-support-local-guides","Support Local Fishing Guides Displacement DWR Hoodie","hoodie, mens","REPLACE","47497788391673","45412153786617","MERGE","4","50506-492-0016","79.99","","0","0",""
"8490522673401","displacement-dwr-hoodie-support-local-guides","Support Local Fishing Guides Displacement DWR Hoodie","hoodie, mens","REPLACE","47497788424441","45412153819385","MERGE","5","50506-492-0017","79.99","","0","0",""
"8490522673401","displacement-dwr-hoodie-support-local-guides","Support Local Fishing Guides Displacement DWR Hoodie","hoodie, mens","REPLACE","47497788457209","45412153852153","MERGE","6","50506-492-0018","79.99","","0","0",""
"8490526900473","displacement-dwr-hoodie-gaff","Displacement DWR Hoodie Gaff","","REPLACE","47497807954169","45412173119737","MERGE","1","20032-607-0012","74.99","","0","0","true"
"8490526900473","displacement-dwr-hoodie-gaff","Displacement DWR Hoodie Gaff","","REPLACE","47497807986937","45412173152505","MERGE","2","20032-607-0013","74.99","","0","0","true"
"8490526900473","displacement-dwr-hoodie-gaff","Displacement DWR Hoodie Gaff","","REPLACE","47497808019705","45412173185273","MERGE","3","20032-607-0014","74.99","","0","0","true"
"8490526900473","displacement-dwr-hoodie-gaff","Displacement DWR Hoodie Gaff","","REPLACE","47497808052473","45412173218041","MERGE","4","20032-607-0015","74.99","","0","0","true"
"8490526900473","displacement-dwr-hoodie-gaff","Displacement DWR Hoodie Gaff","","REPLACE","47497808085241","45412173250809","MERGE","5","20032-607-0016","74.99","","0","0","true"
"8490526900473","displacement-dwr-hoodie-gaff","Displacement DWR Hoodie Gaff","","REPLACE","47497808118009","45412173283577","MERGE","6","20032-607-0017","74.99","","0","0","true"
"8490526900473","displacement-dwr-hoodie-gaff","Displacement DWR Hoodie Gaff","","REPLACE","47497808150777","45412173316345","MERGE","7","20032-607-0018","74.99","","0","0","true"
"8490526900473","displacement-dwr-hoodie-gaff","Displacement DWR Hoodie Gaff","","REPLACE","47497808183545","45412173349113","MERGE","8","20032-607-0019","49.99","64.99","0","0",""
"8490526900473","displacement-dwr-hoodie-gaff","Displacement DWR Hoodie Gaff","","REPLACE","47497808216313","45412173381881","MERGE","9","20032-607-0020","49.99","64.99","0","0",""
"7797740929273","tall-ship-trucker-312","Tall Ship Trucker 312","hats","REPLACE","45498684670201","43405451788537","MERGE","1","50277-354-0001","21.99","29.99","0","0",""
"7797890973945","hook-trucker","Hook Trucker Hat","hats","REPLACE","48262857654521","46178375696633","MERGE","1","50260-927-0001","34.99","","0","0",""
"7797890973945","hook-trucker","Hook Trucker Hat","hats","REPLACE","45499222655225","43405989609721","MERGE","2","50260-010-0001","34.99","","0","0",""
"7797890973945","hook-trucker","Hook Trucker Hat","hats","REPLACE","45793208729849","43698750816505","MERGE","3","50260-473-0001","34.99","","0","0",""
"7713129857273","new-womens-weather-watch-bib-1","NEW Women's Weather Watch Bib","hi-vis, light, waterproof, womens, womens-bibs","REPLACE","45188016570617","43092525744377","MERGE","1","10226-001-0012","89.99","","0","0",""
"7713129857273","new-womens-weather-watch-bib-1","NEW Women's Weather Watch Bib","hi-vis, light, waterproof, womens, womens-bibs","REPLACE","45188016636153","43092525809913","MERGE","2","10226-001-0013","89.99","","0","0",""
"7713129857273","new-womens-weather-watch-bib-1","NEW Women's Weather Watch Bib","hi-vis, light, waterproof, womens, womens-bibs","REPLACE","45188016701689","43092525875449","MERGE","3","10226-001-0014","89.99","","0","0",""
"7713129857273","new-womens-weather-watch-bib-1","NEW Women's Weather Watch Bib","hi-vis, light, waterproof, womens, womens-bibs","REPLACE","45188016767225","43092525940985","MERGE","4","10226-001-0015","89.99","","0","0",""
"7713129857273","new-womens-weather-watch-bib-1","NEW Women's Weather Watch Bib","hi-vis, light, waterproof, womens, womens-bibs","REPLACE","45188016832761","43092526006521","MERGE","5","10226-001-0016","89.99","","0","0",""
"7713129857273","new-womens-weather-watch-bib-1","NEW Women's Weather Watch Bib","hi-vis, light, waterproof, womens, womens-bibs","REPLACE","45188016898297","43092526072057","MERGE","6","10365-001-0017","89.99","89.99","92","0",""
"7713129857273","new-womens-weather-watch-bib-1","NEW Women's Weather Watch Bib","hi-vis, light, waterproof, womens, womens-bibs","REPLACE","45188016603385","43092525777145","MERGE","7","10365-730-0012","66.99","89.99","87","0",""
"7713129857273","new-womens-weather-watch-bib-1","NEW Women's Weather Watch Bib","hi-vis, light, waterproof, womens, womens-bibs","REPLACE","45188016668921","43092525842681","MERGE","8","10365-730-0013","66.99","89.99","317","0",""
"7713129857273","new-womens-weather-watch-bib-1","NEW Women's Weather Watch Bib","hi-vis, light, waterproof, womens, womens-bibs","REPLACE","45188016734457","43092525908217","MERGE","9","10365-730-0014","66.99","89.99","359","0",""
"7713129857273","new-womens-weather-watch-bib-1","NEW Women's Weather Watch Bib","hi-vis, light, waterproof, womens, womens-bibs","REPLACE","45188016799993","43092525973753","MERGE","10","10365-730-0015","66.99","89.99","275","0",""
"7713129857273","new-womens-weather-watch-bib-1","NEW Women's Weather Watch Bib","hi-vis, light, waterproof, womens, womens-bibs","REPLACE","45188016865529","43092526039289","MERGE","11","10365-730-0016","66.99","89.99","244","0",""
"7713129857273","new-womens-weather-watch-bib-1","NEW Women's Weather Watch Bib","hi-vis, light, waterproof, womens, womens-bibs","REPLACE","45188016931065","43092526104825","MERGE","12","10365-730-0017","66.99","89.99","121","0",""
"7797935341817","always-fishing-trucker-hat","Always Fishing Trucker Hat","hat","REPLACE","45499366998265","43406133952761","MERGE","1","50293-001-0001","34.99","","5","0",""
"7797955068153","eat-crab-trucker-312-hat","Eat Crab Trucker 312 Hat","hats","REPLACE","45499430338809","43406197260537","MERGE","1","50252-223-0001","34.99","","0","0",""
"7797987803385","kraken-waffle-beanie","Kracken Waffle Beanie","hats","REPLACE","45499549843705","43406316765433","MERGE","1","50263-011-0001","34.99","","0","0",""
"8592155869433","kryall-hoodie-copy","Kryall Hoodie - Sale","","REPLACE","47747789848825","45663304843513","MERGE","1","20038-470-0013","82.99","109.99","29","0","true"
"8592155869433","kryall-hoodie-copy","Kryall Hoodie - Sale","","REPLACE","47747789881593","45663304876281","MERGE","2","20038-470-0014","82.99","109.99","116","0","true"
"8592155869433","kryall-hoodie-copy","Kryall Hoodie - Sale","","REPLACE","47747789914361","45663304909049","MERGE","3","20038-470-0015","82.99","109.99","0","0","true"
"8592155869433","kryall-hoodie-copy","Kryall Hoodie - Sale","","REPLACE","47747789947129","45663304941817","MERGE","4","20038-470-0016","82.99","109.99","0","0","true"
"8592155869433","kryall-hoodie-copy","Kryall Hoodie - Sale","","REPLACE","47747789979897","45663304974585","MERGE","5","20038-470-0017","82.99","109.99","0","0","true"
"8592155869433","kryall-hoodie-copy","Kryall Hoodie - Sale","","REPLACE","47747790012665","45663305007353","MERGE","6","20038-470-0018","82.99","109.99","0","0","true"
"8592155869433","kryall-hoodie-copy","Kryall Hoodie - Sale","","REPLACE","47747790045433","45663305040121","MERGE","7","20038-211-0013","82.99","109.99","0","0","true"
"8592155869433","kryall-hoodie-copy","Kryall Hoodie - Sale","","REPLACE","47747790078201","45663305072889","MERGE","8","20038-211-0014","82.99","109.99","0","0","true"
"8592155869433","kryall-hoodie-copy","Kryall Hoodie - Sale","","REPLACE","47747790110969","45663305105657","MERGE","9","20038-211-0015","82.99","109.99","0","0","true"
"8592155869433","kryall-hoodie-copy","Kryall Hoodie - Sale","","REPLACE","47747790143737","45663305138425","MERGE","10","20038-211-0016","82.99","109.99","97","0","true"
"8592155869433","kryall-hoodie-copy","Kryall Hoodie - Sale","","REPLACE","47747790176505","45663305171193","MERGE","11","20038-211-0017","82.99","109.99","0","0","true"
"8592155869433","kryall-hoodie-copy","Kryall Hoodie - Sale","","REPLACE","47747790209273","45663305203961","MERGE","12","20038-211-0018","82.99","109.99","0","0","true"
"8592155869433","kryall-hoodie-copy","Kryall Hoodie - Sale","","REPLACE","47747790438649","45663305433337","MERGE","13","20038-025-0013","82.99","109.99","138","0","true"
"8592155869433","kryall-hoodie-copy","Kryall Hoodie - Sale","","REPLACE","47747790471417","45663305466105","MERGE","14","20038-025-0014","82.99","109.99","0","0","true"
"8592155869433","kryall-hoodie-copy","Kryall Hoodie - Sale","","REPLACE","47747790504185","45663305498873","MERGE","15","20038-025-0015","82.99","109.99","0","0","true"
"8592155869433","kryall-hoodie-copy","Kryall Hoodie - Sale","","REPLACE","47747790536953","45663305531641","MERGE","16","20038-025-0016","82.99","109.99","0","0","true"
"8592155869433","kryall-hoodie-copy","Kryall Hoodie - Sale","","REPLACE","47747790569721","45663305564409","MERGE","17","20038-025-0017","82.99","109.99","0","0","true"
"8592155869433","kryall-hoodie-copy","Kryall Hoodie - Sale","","REPLACE","47747790602489","45663305597177","MERGE","18","20038-025-0018","82.99","109.99","0","0","true"
"7798004154617","embroidered-logo-ff-trucker-hat","Embroidered Logo FF Trucker Hat","hats","REPLACE","45499717124345","43406484046073","MERGE","1","50294-001-0001","19.99","29.99","0","0",""
"7797995307257","anchor-waffle-beanie","Anchor Waffle Beanie","hats","REPLACE","49067204706553","46981158633721","MERGE","1","50244-410-0001","34.99","","0","0",""
"7797995307257","anchor-waffle-beanie","Anchor Waffle Beanie","hats","REPLACE","49067204739321","46981158666489","MERGE","2","50244-033-0001","34.99","","0","0",""
"7797995307257","anchor-waffle-beanie","Anchor Waffle Beanie","hats","REPLACE","49067204772089","46981158699257","MERGE","3","50244-228-0001","34.99","","0","0",""
"7713163182329","new-weather-watch-pant","Weather Watch Pant","hi-vis, light, mens, mens-pants, sport, waterproof","REPLACE","45188190634233","43092699775225","MERGE","1","10224-001-0012","89.99","","0","0",""
"7713163182329","new-weather-watch-pant","Weather Watch Pant","hi-vis, light, mens, mens-pants, sport, waterproof","REPLACE","45188110680313","43092619854073","MERGE","2","10224-001-0013","89.99","","0","0",""
"7713163182329","new-weather-watch-pant","Weather Watch Pant","hi-vis, light, mens, mens-pants, sport, waterproof","REPLACE","45188110713081","43092619886841","MERGE","3","10224-001-0014","89.99","","1","0",""
"7713163182329","new-weather-watch-pant","Weather Watch Pant","hi-vis, light, mens, mens-pants, sport, waterproof","REPLACE","45188110745849","43092619919609","MERGE","4","10224-001-0015","89.99","","1","0",""
"7713163182329","new-weather-watch-pant","Weather Watch Pant","hi-vis, light, mens, mens-pants, sport, waterproof","REPLACE","45188110778617","43092619952377","MERGE","5","10224-001-0016","89.99","","0","0",""
"7713163182329","new-weather-watch-pant","Weather Watch Pant","hi-vis, light, mens, mens-pants, sport, waterproof","REPLACE","45188110811385","43092619985145","MERGE","6","10224-001-0017","89.99","","0","0",""
"7713163182329","new-weather-watch-pant","Weather Watch Pant","hi-vis, light, mens, mens-pants, sport, waterproof","REPLACE","45188110844153","43092620017913","MERGE","7","10224-001-0018","89.99","","3","0",""
"7713163182329","new-weather-watch-pant","Weather Watch Pant","hi-vis, light, mens, mens-pants, sport, waterproof","REPLACE","45188110876921","43092620050681","MERGE","8","10224-001-0019","89.99","","0","0",""
"7713163182329","new-weather-watch-pant","Weather Watch Pant","hi-vis, light, mens, mens-pants, sport, waterproof","REPLACE","45188110909689","43092620083449","MERGE","9","10224-001-0020","89.99","","1","0",""
"7713163182329","new-weather-watch-pant","Weather Watch Pant","hi-vis, light, mens, mens-pants, sport, waterproof","REPLACE","45188190667001","43092699807993","MERGE","10","10363-730-0012","63.99","84.99","61","0",""
"7713163182329","new-weather-watch-pant","Weather Watch Pant","hi-vis, light, mens, mens-pants, sport, waterproof","REPLACE","45188110942457","43092620116217","MERGE","11","10363-730-0013","63.99","84.99","0","0",""
"7713163182329","new-weather-watch-pant","Weather Watch Pant","hi-vis, light, mens, mens-pants, sport, waterproof","REPLACE","45188110975225","43092620148985","MERGE","12","10224-730-0014","89.99","","2","0",""
"7713163182329","new-weather-watch-pant","Weather Watch Pant","hi-vis, light, mens, mens-pants, sport, waterproof","REPLACE","45188111007993","43092620181753","MERGE","13","10224-730-0015","89.99","","8","0",""
"7713163182329","new-weather-watch-pant","Weather Watch Pant","hi-vis, light, mens, mens-pants, sport, waterproof","REPLACE","45188111040761","43092620214521","MERGE","14","10224-730-0016","89.99","","14","0",""
"7713163182329","new-weather-watch-pant","Weather Watch Pant","hi-vis, light, mens, mens-pants, sport, waterproof","REPLACE","45188111073529","43092620247289","MERGE","15","10363-730-0017","63.99","84.99","33","0",""
"7713163182329","new-weather-watch-pant","Weather Watch Pant","hi-vis, light, mens, mens-pants, sport, waterproof","REPLACE","45188111106297","43092620280057","MERGE","16","10363-730-0018","63.99","89.99","0","0",""
"7713163182329","new-weather-watch-pant","Weather Watch Pant","hi-vis, light, mens, mens-pants, sport, waterproof","REPLACE","46532484464889","44435598147833","MERGE","17","10363-730-0019","63.99","","0","0",""
"7713163182329","new-weather-watch-pant","Weather Watch Pant","hi-vis, light, mens, mens-pants, sport, waterproof","REPLACE","46532486824185","44435600507129","MERGE","18","10363-730-0020","63.99","","0","0",""
"7798006579449","poseiden-trucker-hat","Poseidon Trucker Hat","hats","REPLACE","49067262640377","46981216600313","MERGE","1","50271-018-0001","34.99","","0","0",""
"7798006579449","poseiden-trucker-hat","Poseidon Trucker Hat","hats","REPLACE","48262799753465","46178317566201","MERGE","2","50271-353-0001","34.99","","0","0",""
"7798006579449","poseiden-trucker-hat","Poseidon Trucker Hat","hats","REPLACE","45789368025337","43694923186425","MERGE","3","50271-063-0001","26.99","34.99","11","0",""
"7798010183929","gaff-trucker-312-hat","Gaff Trucker 312 Hat","hats","REPLACE","45499752448249","43406519369977","MERGE","1","50256-043-0001","26.99","34.99","0","0",""
"7798008217849","offset-embroidered-trucker-hat","Offset Embroidered Trucker Hat","hats","REPLACE","48457177268473","46372688232697","MERGE","1","50269-467-0001","19.99","29.99","0","0",""
"7870879367417","shorebreak-hoodie","Shorebreak Hoodie","everyday, hoodie, long-sleeve, sun","REPLACE","45733084135673","43639368220921","MERGE","1","40030-255-0013","39.99","99.99","0","0",""
"7870879367417","shorebreak-hoodie","Shorebreak Hoodie","everyday, hoodie, long-sleeve, sun","REPLACE","45733084168441","43639368253689","MERGE","2","40030-255-0014","39.99","99.99","0","0",""
"7870879367417","shorebreak-hoodie","Shorebreak Hoodie","everyday, hoodie, long-sleeve, sun","REPLACE","45733084201209","43639368286457","MERGE","3","40030-255-0015","39.99","99.99","0","0",""
"7870879367417","shorebreak-hoodie","Shorebreak Hoodie","everyday, hoodie, long-sleeve, sun","REPLACE","45733084233977","43639368319225","MERGE","4","40030-255-0016","39.99","99.99","0","0",""
"7870879367417","shorebreak-hoodie","Shorebreak Hoodie","everyday, hoodie, long-sleeve, sun","REPLACE","45733084266745","43639368384761","MERGE","5","40030-255-0017","39.99","99.99","0","0",""
"7870879367417","shorebreak-hoodie","Shorebreak Hoodie","everyday, hoodie, long-sleeve, sun","REPLACE","45733084299513","43639368417529","MERGE","6","40030-255-0018","39.99","99.99","0","0",""
"7870879334649","shorebreak-ss-crew","Shorebreak SS Crew","mens, shirts, short-sleeve, sun, t-shirts","REPLACE","45733075321081","43639359406329","MERGE","1","40029-460-0013","29.99","49.99","0","0",""
"7870879334649","shorebreak-ss-crew","Shorebreak SS Crew","mens, shirts, short-sleeve, sun, t-shirts","REPLACE","45733075353849","43639359439097","MERGE","2","40029-460-0014","29.99","49.99","0","0",""
"7870879334649","shorebreak-ss-crew","Shorebreak SS Crew","mens, shirts, short-sleeve, sun, t-shirts","REPLACE","45733075386617","43639359471865","MERGE","3","40029-460-0015","29.99","49.99","2","0",""
"7870879334649","shorebreak-ss-crew","Shorebreak SS Crew","mens, shirts, short-sleeve, sun, t-shirts","REPLACE","45733075419385","43639359504633","MERGE","4","40029-460-0016","29.99","49.99","0","0",""
"7870879334649","shorebreak-ss-crew","Shorebreak SS Crew","mens, shirts, short-sleeve, sun, t-shirts","REPLACE","45733075452153","43639359537401","MERGE","5","40029-460-0017","29.99","49.99","0","0",""
"7870879334649","shorebreak-ss-crew","Shorebreak SS Crew","mens, shirts, short-sleeve, sun, t-shirts","REPLACE","45733075484921","43639359570169","MERGE","6","40029-460-0018","29.99","49.99","0","0",""
"7870879334649","shorebreak-ss-crew","Shorebreak SS Crew","mens, shirts, short-sleeve, sun, t-shirts","REPLACE","45733075517689","43639359602937","MERGE","7","40029-060-0013","29.99","49.99","0","0",""
"7870879334649","shorebreak-ss-crew","Shorebreak SS Crew","mens, shirts, short-sleeve, sun, t-shirts","REPLACE","45733075550457","43639359635705","MERGE","8","40029-060-0014","29.99","49.99","0","0",""
"7870879334649","shorebreak-ss-crew","Shorebreak SS Crew","mens, shirts, short-sleeve, sun, t-shirts","REPLACE","45733075583225","43639359668473","MERGE","9","40029-060-0015","29.99","49.99","0","0",""
"7870879334649","shorebreak-ss-crew","Shorebreak SS Crew","mens, shirts, short-sleeve, sun, t-shirts","REPLACE","45733075615993","43639359734009","MERGE","10","40029-060-0016","29.99","49.99","1","0",""
"7870879334649","shorebreak-ss-crew","Shorebreak SS Crew","mens, shirts, short-sleeve, sun, t-shirts","REPLACE","45733075648761","43639359799545","MERGE","11","40029-060-0017","29.99","49.99","0","0",""
"7870879334649","shorebreak-ss-crew","Shorebreak SS Crew","mens, shirts, short-sleeve, sun, t-shirts","REPLACE","45733075681529","43639359865081","MERGE","12","40029-060-0018","29.99","49.99","0","0",""
"7809492386041","wayward-pant","Wayward Pant","everyday, mens, mens-pants, Sale, Sale 2, tag__hot_Sale","REPLACE","45537968226553","43444590379257","MERGE","1","40106-001-5030","79.99","99.99","0","0",""
"7809492386041","wayward-pant","Wayward Pant","everyday, mens, mens-pants, Sale, Sale 2, tag__hot_Sale","REPLACE","45537968259321","43444590412025","MERGE","2","40106-001-5032","79.99","99.99","0","0",""
"7809492386041","wayward-pant","Wayward Pant","everyday, mens, mens-pants, Sale, Sale 2, tag__hot_Sale","REPLACE","45537968292089","43444590444793","MERGE","3","40106-001-5034","79.99","99.99","0","0",""
"7809492386041","wayward-pant","Wayward Pant","everyday, mens, mens-pants, Sale, Sale 2, tag__hot_Sale","REPLACE","45537968324857","43444590477561","MERGE","4","40106-001-5036","79.99","99.99","40","0",""
"7809492386041","wayward-pant","Wayward Pant","everyday, mens, mens-pants, Sale, Sale 2, tag__hot_Sale","REPLACE","45537968357625","43444590510329","MERGE","5","40106-001-5038","79.99","99.99","51","0",""
"7809492386041","wayward-pant","Wayward Pant","everyday, mens, mens-pants, Sale, Sale 2, tag__hot_Sale","REPLACE","45537968390393","43444590543097","MERGE","6","40106-001-5040","79.99","99.99","57","0",""
"7809492386041","wayward-pant","Wayward Pant","everyday, mens, mens-pants, Sale, Sale 2, tag__hot_Sale","REPLACE","45537968423161","43444590575865","MERGE","7","40106-001-5042","79.99","99.99","0","0",""
"7809492386041","wayward-pant","Wayward Pant","everyday, mens, mens-pants, Sale, Sale 2, tag__hot_Sale","REPLACE","45537968455929","43444590608633","MERGE","8","40106-053-5030","79.99","99.99","0","0",""
"7809492386041","wayward-pant","Wayward Pant","everyday, mens, mens-pants, Sale, Sale 2, tag__hot_Sale","REPLACE","45537968488697","43444590641401","MERGE","9","40106-053-5032","79.99","99.99","0","0",""
"7809492386041","wayward-pant","Wayward Pant","everyday, mens, mens-pants, Sale, Sale 2, tag__hot_Sale","REPLACE","45537968521465","43444590674169","MERGE","10","40106-053-5034","79.99","99.99","0","0",""
"7809492386041","wayward-pant","Wayward Pant","everyday, mens, mens-pants, Sale, Sale 2, tag__hot_Sale","REPLACE","45537968554233","43444590706937","MERGE","11","40106-053-5036","79.99","99.99","2","0",""
"7809492386041","wayward-pant","Wayward Pant","everyday, mens, mens-pants, Sale, Sale 2, tag__hot_Sale","REPLACE","45537968587001","43444590739705","MERGE","12","40106-053-5038","79.99","99.99","55","0",""
"7809492386041","wayward-pant","Wayward Pant","everyday, mens, mens-pants, Sale, Sale 2, tag__hot_Sale","REPLACE","45537968619769","43444590772473","MERGE","13","40106-053-5040","79.99","99.99","72","0",""
"7809492386041","wayward-pant","Wayward Pant","everyday, mens, mens-pants, Sale, Sale 2, tag__hot_Sale","REPLACE","45537968652537","43444590805241","MERGE","14","40106-053-5042","79.99","99.99","0","0",""
"7858642551033","deck-boss-ankle-boot-sale","Deck-Boss Ankle Boot - Sale","boots, footwear, Sale, Sale 2, tag__hot_Sale","REPLACE","46311746896121","44214996205817","MERGE","1","60008-203-1008","69.99","109.99","1","0",""
"7858642551033","deck-boss-ankle-boot-sale","Deck-Boss Ankle Boot - Sale","boots, footwear, Sale, Sale 2, tag__hot_Sale","REPLACE","46311746928889","44214996238585","MERGE","2","60008-203-1009","69.99","109.99","0","0",""
"7858642551033","deck-boss-ankle-boot-sale","Deck-Boss Ankle Boot - Sale","boots, footwear, Sale, Sale 2, tag__hot_Sale","REPLACE","46311746961657","44214996271353","MERGE","3","60008-203-1010","69.99","109.99","0","0",""
"7858642551033","deck-boss-ankle-boot-sale","Deck-Boss Ankle Boot - Sale","boots, footwear, Sale, Sale 2, tag__hot_Sale","REPLACE","46311746994425","44214996304121","MERGE","4","60008-203-1011","69.99","109.99","0","0",""
"7858642551033","deck-boss-ankle-boot-sale","Deck-Boss Ankle Boot - Sale","boots, footwear, Sale, Sale 2, tag__hot_Sale","REPLACE","46311747027193","44214996336889","MERGE","5","60008-203-1012","69.99","109.99","0","0",""
"7858642551033","deck-boss-ankle-boot-sale","Deck-Boss Ankle Boot - Sale","boots, footwear, Sale, Sale 2, tag__hot_Sale","REPLACE","46311747059961","44214996369657","MERGE","6","60008-203-1013","69.99","109.99","0","0",""
"7858642551033","deck-boss-ankle-boot-sale","Deck-Boss Ankle Boot - Sale","boots, footwear, Sale, Sale 2, tag__hot_Sale","REPLACE","46311747092729","44214996402425","MERGE","7","60008-203-1014","69.99","109.99","0","0",""
"7858642551033","deck-boss-ankle-boot-sale","Deck-Boss Ankle Boot - Sale","boots, footwear, Sale, Sale 2, tag__hot_Sale","REPLACE","46311741096185","44214990405881","MERGE","8","60008-300-1008","69.99","109.99","0","0",""
"7858642551033","deck-boss-ankle-boot-sale","Deck-Boss Ankle Boot - Sale","boots, footwear, Sale, Sale 2, tag__hot_Sale","REPLACE","46311741128953","44214990438649","MERGE","9","60008-300-1009","69.99","109.99","0","0",""
"7858642551033","deck-boss-ankle-boot-sale","Deck-Boss Ankle Boot - Sale","boots, footwear, Sale, Sale 2, tag__hot_Sale","REPLACE","46311741161721","44214990471417","MERGE","10","60008-300-1010","69.99","109.99","0","0",""
"7858642551033","deck-boss-ankle-boot-sale","Deck-Boss Ankle Boot - Sale","boots, footwear, Sale, Sale 2, tag__hot_Sale","REPLACE","46311741194489","44214990504185","MERGE","11","60008-300-1011","69.99","109.99","0","0",""
"7858642551033","deck-boss-ankle-boot-sale","Deck-Boss Ankle Boot - Sale","boots, footwear, Sale, Sale 2, tag__hot_Sale","REPLACE","46311741227257","44214990536953","MERGE","12","60008-300-1012","69.99","109.99","0","0",""
"7858642551033","deck-boss-ankle-boot-sale","Deck-Boss Ankle Boot - Sale","boots, footwear, Sale, Sale 2, tag__hot_Sale","REPLACE","46311741260025","44214990569721","MERGE","13","60008-300-1013","69.99","109.99","0","0",""
"7858642551033","deck-boss-ankle-boot-sale","Deck-Boss Ankle Boot - Sale","boots, footwear, Sale, Sale 2, tag__hot_Sale","REPLACE","46311741292793","44214990602489","MERGE","14","60008-300-1014","69.99","109.99","0","0",""
"7858642551033","deck-boss-ankle-boot-sale","Deck-Boss Ankle Boot - Sale","boots, footwear, Sale, Sale 2, tag__hot_Sale","REPLACE","45691342160121","43597705019641","MERGE","15","60008-037-1008","69.99","109.99","0","0",""
"7858642551033","deck-boss-ankle-boot-sale","Deck-Boss Ankle Boot - Sale","boots, footwear, Sale, Sale 2, tag__hot_Sale","REPLACE","45691342192889","43597705052409","MERGE","16","60008-037-1009","69.99","109.99","0","0",""
"7858642551033","deck-boss-ankle-boot-sale","Deck-Boss Ankle Boot - Sale","boots, footwear, Sale, Sale 2, tag__hot_Sale","REPLACE","45691342225657","43597705085177","MERGE","17","60008-037-1010","69.99","109.99","0","0",""
"7858642551033","deck-boss-ankle-boot-sale","Deck-Boss Ankle Boot - Sale","boots, footwear, Sale, Sale 2, tag__hot_Sale","REPLACE","45691342258425","43597705117945","MERGE","18","60008-037-1011","69.99","109.99","0","0",""
"7858642551033","deck-boss-ankle-boot-sale","Deck-Boss Ankle Boot - Sale","boots, footwear, Sale, Sale 2, tag__hot_Sale","REPLACE","45691342291193","43597705150713","MERGE","19","60008-037-1012","69.99","109.99","0","0",""
"7858642551033","deck-boss-ankle-boot-sale","Deck-Boss Ankle Boot - Sale","boots, footwear, Sale, Sale 2, tag__hot_Sale","REPLACE","45691342323961","43597705183481","MERGE","20","60008-037-1013","69.99","109.99","0","0",""
"7858642551033","deck-boss-ankle-boot-sale","Deck-Boss Ankle Boot - Sale","boots, footwear, Sale, Sale 2, tag__hot_Sale","REPLACE","45691342356729","43597705216249","MERGE","21","60008-037-1014","69.99","109.99","0","0",""
"7870879990009","boot-sock-thermal","Boot Sock Thermal","Lifetime Warranty, socks, tag__new_Lifetime Warranty","REPLACE","45733081547001","43639365402873","MERGE","1","60021-025-0014","21.99","29.99","0","0",""
"7870879990009","boot-sock-thermal","Boot Sock Thermal","Lifetime Warranty, socks, tag__new_Lifetime Warranty","REPLACE","45733081579769","43639365533945","MERGE","2","60021-025-0015","21.99","29.99","0","0",""
"7870879990009","boot-sock-thermal","Boot Sock Thermal","Lifetime Warranty, socks, tag__new_Lifetime Warranty","REPLACE","45733081612537","43639365632249","MERGE","3","60021-025-0016","21.99","29.99","0","0",""
"7870879990009","boot-sock-thermal","Boot Sock Thermal","Lifetime Warranty, socks, tag__new_Lifetime Warranty","REPLACE","45733081645305","43639365730553","MERGE","4","60021-325-0014","34.99","","12","0",""
"7870879990009","boot-sock-thermal","Boot Sock Thermal","Lifetime Warranty, socks, tag__new_Lifetime Warranty","REPLACE","45733081678073","43639365763321","MERGE","5","60021-325-0015","34.99","","16","0",""
"7870879990009","boot-sock-thermal","Boot Sock Thermal","Lifetime Warranty, socks, tag__new_Lifetime Warranty","REPLACE","45733081710841","43639365796089","MERGE","6","60021-325-0016","34.99","","28","0",""
"7870880055545","mid-sock","Mid Sock","mens, socks","REPLACE","45733081841913","43639365927161","MERGE","1","60022-325-0015","18.99","","0","0",""
"7870880055545","mid-sock","Mid Sock","mens, socks","REPLACE","45733081907449","43639365992697","MERGE","2","60022-325-0016","18.99","24.99","0","0",""
"7870880055545","mid-sock","Mid Sock","mens, socks","REPLACE","45733081809145","43639365894393","MERGE","3","60022-023-0015","29.99","","0","0",""
"7870880055545","mid-sock","Mid Sock","mens, socks","REPLACE","45733081874681","43639365959929","MERGE","4","60022-023-0016","29.99","","11","0",""
"7870880088313","ankle-sock","Ankle Sock","mens, socks","REPLACE","45733081940217","43639366025465","MERGE","1","60023-001-0015","15.99","21.99","0","0",""
"7870880088313","ankle-sock","Ankle Sock","mens, socks","REPLACE","45733081972985","43639366058233","MERGE","2","60023-001-0016","15.99","","0","0",""
"7870880088313","ankle-sock","Ankle Sock","mens, socks","REPLACE","45733082005753","43639366091001","MERGE","3","60023-025-0015","24.99","","22","0",""
"7870880088313","ankle-sock","Ankle Sock","mens, socks","REPLACE","45733082038521","43639366123769","MERGE","4","60023-025-0016","24.99","","9","0",""
"7870879498489","womens-shorebreak-hoodie","Women's Shorebreak Hoodie","hoodie, sun, womens","REPLACE","45733077942521","43639362093305","MERGE","1","40039-344-0012","39.99","99.99","4","0",""
"7870879498489","womens-shorebreak-hoodie","Women's Shorebreak Hoodie","hoodie, sun, womens","REPLACE","45733077975289","43639362158841","MERGE","2","40039-344-0013","39.99","99.99","0","0",""
"7870879498489","womens-shorebreak-hoodie","Women's Shorebreak Hoodie","hoodie, sun, womens","REPLACE","45733078008057","43639362224377","MERGE","3","40039-344-0014","39.99","99.99","0","0",""
"7870879498489","womens-shorebreak-hoodie","Women's Shorebreak Hoodie","hoodie, sun, womens","REPLACE","45733078040825","43639362289913","MERGE","4","40039-344-0015","39.99","99.99","25","0",""
"7870879498489","womens-shorebreak-hoodie","Women's Shorebreak Hoodie","hoodie, sun, womens","REPLACE","45733078073593","43639362355449","MERGE","5","40039-344-0016","39.99","99.99","0","0",""
"7870879498489","womens-shorebreak-hoodie","Women's Shorebreak Hoodie","hoodie, sun, womens","REPLACE","45733078106361","43639362420985","MERGE","6","40039-344-0017","39.99","99.99","0","0",""
"7870879498489","womens-shorebreak-hoodie","Women's Shorebreak Hoodie","hoodie, sun, womens","REPLACE","45733077549305","43639361437945","MERGE","7","40039-652-0012","39.99","99.99","34","0",""
"7870879498489","womens-shorebreak-hoodie","Women's Shorebreak Hoodie","hoodie, sun, womens","REPLACE","45733077582073","43639361470713","MERGE","8","40039-652-0013","39.99","99.99","37","0",""
"7870879498489","womens-shorebreak-hoodie","Women's Shorebreak Hoodie","hoodie, sun, womens","REPLACE","45733077614841","43639361536249","MERGE","9","40039-652-0014","39.99","99.99","38","0",""
"7870879498489","womens-shorebreak-hoodie","Women's Shorebreak Hoodie","hoodie, sun, womens","REPLACE","45733077647609","43639361601785","MERGE","10","40039-652-0015","39.99","99.99","104","0",""
"7870879498489","womens-shorebreak-hoodie","Women's Shorebreak Hoodie","hoodie, sun, womens","REPLACE","45733077680377","43639361667321","MERGE","11","40039-652-0016","39.99","99.99","32","0",""
"7870879498489","womens-shorebreak-hoodie","Women's Shorebreak Hoodie","hoodie, sun, womens","REPLACE","45733077713145","43639361732857","MERGE","12","40039-652-0017","39.99","99.99","27","0",""
"7870879498489","womens-shorebreak-hoodie","Women's Shorebreak Hoodie","hoodie, sun, womens","REPLACE","45733077745913","43639361798393","MERGE","13","40039-113-0012","39.99","99.99","0","0",""
"7870879498489","womens-shorebreak-hoodie","Women's Shorebreak Hoodie","hoodie, sun, womens","REPLACE","45733077778681","43639361863929","MERGE","14","40039-113-0013","39.99","99.99","0","0",""
"7870879498489","womens-shorebreak-hoodie","Women's Shorebreak Hoodie","hoodie, sun, womens","REPLACE","45733077811449","43639361896697","MERGE","15","40039-113-0014","39.99","99.99","0","0",""
"7870879498489","womens-shorebreak-hoodie","Women's Shorebreak Hoodie","hoodie, sun, womens","REPLACE","45733077844217","43639361929465","MERGE","16","40039-113-0015","39.99","99.99","0","0",""
"7870879498489","womens-shorebreak-hoodie","Women's Shorebreak Hoodie","hoodie, sun, womens","REPLACE","45733077876985","43639361962233","MERGE","17","40039-113-0016","39.99","99.99","0","0",""
"7870879498489","womens-shorebreak-hoodie","Women's Shorebreak Hoodie","hoodie, sun, womens","REPLACE","45733077909753","43639362027769","MERGE","18","40039-113-0017","39.99","99.99","0","0",""
"7870880186617","wayward-roll-top-backpack-38l","Wayward Roll Top Backpack","bags","REPLACE","48919642833145","46836353073401","MERGE","1","70105-425-0001","199.99","","6","0",""
"7870880186617","wayward-roll-top-backpack-38l","Wayward Roll Top Backpack","bags","REPLACE","47358369923321","45266818269433","MERGE","2","70105-025-0001","199.99","","18","0",""
"7870880186617","wayward-roll-top-backpack-38l","Wayward Roll Top Backpack","bags","REPLACE","45733084463353","43639368548601","MERGE","3","70105-336-0001","199.99","","0","0",""
"7870880219385","bootlegger-roll-top-backpack-30l","Bootlegger Roll Top Backpack 30L","bags","REPLACE","48919646306553","46836356546809","MERGE","1","70106-425-0001","124.99","","0","0",""
"7870880219385","bootlegger-roll-top-backpack-30l","Bootlegger Roll Top Backpack 30L","bags","REPLACE","45733083250937","43639367336185","MERGE","2","70106-025-0001","124.99","","19","0",""
"7870880219385","bootlegger-roll-top-backpack-30l","Bootlegger Roll Top Backpack 30L","bags","REPLACE","45733083218169","43639367303417","MERGE","3","70106-001-0001","124.99","","27","0",""
"7870880219385","bootlegger-roll-top-backpack-30l","Bootlegger Roll Top Backpack 30L","bags","REPLACE","45733083283705","43639367368953","MERGE","4","70106-607-0001","124.99","","12","0",""
"7870879564025","solstrale-ss-crew","Solstrale SS Crew","mens, shirts, sun","REPLACE","45733078532345","43639362617593","MERGE","1","40102-418-0013","19.99","44.99","0","0",""
"7870879564025","solstrale-ss-crew","Solstrale SS Crew","mens, shirts, sun","REPLACE","45733078565113","43639362650361","MERGE","2","40102-418-0014","19.99","44.99","0","0",""
"7870879564025","solstrale-ss-crew","Solstrale SS Crew","mens, shirts, sun","REPLACE","45733078597881","43639362683129","MERGE","3","40102-418-0015","19.99","44.99","1","0",""
"7870879564025","solstrale-ss-crew","Solstrale SS Crew","mens, shirts, sun","REPLACE","45733078630649","43639362715897","MERGE","4","40102-418-0016","19.99","44.99","0","0",""
"7870879564025","solstrale-ss-crew","Solstrale SS Crew","mens, shirts, sun","REPLACE","45733078663417","43639362748665","MERGE","5","40102-418-0017","19.99","44.99","0","0",""
"7870879564025","solstrale-ss-crew","Solstrale SS Crew","mens, shirts, sun","REPLACE","45733078696185","43639362781433","MERGE","6","40102-418-0018","19.99","44.99","0","0",""
"7870879564025","solstrale-ss-crew","Solstrale SS Crew","mens, shirts, sun","REPLACE","45733078139129","43639361995001","MERGE","7","40102-460-0013","19.99","44.99","0","0",""
"7870879564025","solstrale-ss-crew","Solstrale SS Crew","mens, shirts, sun","REPLACE","45733078171897","43639362060537","MERGE","8","40102-460-0014","19.99","44.99","0","0",""
"7870879564025","solstrale-ss-crew","Solstrale SS Crew","mens, shirts, sun","REPLACE","45733078204665","43639362126073","MERGE","9","40102-460-0015","19.99","44.99","0","0",""
"7870879564025","solstrale-ss-crew","Solstrale SS Crew","mens, shirts, sun","REPLACE","45733078237433","43639362191609","MERGE","10","40102-460-0016","19.99","44.99","0","0",""
"7870879564025","solstrale-ss-crew","Solstrale SS Crew","mens, shirts, sun","REPLACE","45733078270201","43639362257145","MERGE","11","40102-460-0017","19.99","44.99","0","0",""
"7870879564025","solstrale-ss-crew","Solstrale SS Crew","mens, shirts, sun","REPLACE","45733078302969","43639362322681","MERGE","12","40102-460-0018","19.99","44.99","0","0",""
"7870879564025","solstrale-ss-crew","Solstrale SS Crew","mens, shirts, sun","REPLACE","45733078335737","43639362388217","MERGE","13","40102-221-0013","19.99","44.99","0","0",""
"7870879564025","solstrale-ss-crew","Solstrale SS Crew","mens, shirts, sun","REPLACE","45733078368505","43639362453753","MERGE","14","40102-221-0014","19.99","44.99","0","0",""
"7870879564025","solstrale-ss-crew","Solstrale SS Crew","mens, shirts, sun","REPLACE","45733078401273","43639362486521","MERGE","15","40102-221-0015","19.99","44.99","0","0",""
"7870879564025","solstrale-ss-crew","Solstrale SS Crew","mens, shirts, sun","REPLACE","45733078434041","43639362519289","MERGE","16","40102-221-0016","19.99","44.99","-2","0",""
"7870879564025","solstrale-ss-crew","Solstrale SS Crew","mens, shirts, sun","REPLACE","45733078466809","43639362552057","MERGE","17","40102-221-0017","19.99","44.99","0","0",""
"7870879564025","solstrale-ss-crew","Solstrale SS Crew","mens, shirts, sun","REPLACE","45733078499577","43639362584825","MERGE","18","40102-221-0018","19.99","44.99","0","0",""
"7870880153849","shackleton-duffel-105l","Shackleton Duffel 2.0","","REPLACE","45733082169593","43639366975737","MERGE","1","70103-025-0001","229.99","","25","0",""
"7870880153849","shackleton-duffel-105l","Shackleton Duffel 2.0","","REPLACE","45733082202361","43639367041273","MERGE","2","70103-607-0001","229.99","","0","0",""
"7870880153849","shackleton-duffel-105l","Shackleton Duffel 2.0","","REPLACE","48919637623033","46836347863289","MERGE","3","70103-425-0001","229.99","","4","0",""
"7870880284921","bering-fleece-pro-vest","Bering Fleece Pro Vest","fleece, mens, mens-jacket, vest","REPLACE","45733083480313","43639367532793","MERGE","1","20070-036-0013","99.99","","0","0",""
"7870880284921","bering-fleece-pro-vest","Bering Fleece Pro Vest","fleece, mens, mens-jacket, vest","REPLACE","45733083513081","43639367565561","MERGE","2","20070-036-0014","74.99","99.99","0","0",""
"7870880284921","bering-fleece-pro-vest","Bering Fleece Pro Vest","fleece, mens, mens-jacket, vest","REPLACE","45733083545849","43639367598329","MERGE","3","20070-036-0015","74.99","99.99","0","0",""
"7870880284921","bering-fleece-pro-vest","Bering Fleece Pro Vest","fleece, mens, mens-jacket, vest","REPLACE","45733083578617","43639367631097","MERGE","4","20070-036-0016","74.99","99.99","0","0",""
"7870880284921","bering-fleece-pro-vest","Bering Fleece Pro Vest","fleece, mens, mens-jacket, vest","REPLACE","45733083611385","43639367663865","MERGE","5","20070-036-0017","74.99","99.99","0","0",""
"7870880284921","bering-fleece-pro-vest","Bering Fleece Pro Vest","fleece, mens, mens-jacket, vest","REPLACE","45733083644153","43639367696633","MERGE","6","20070-036-0018","74.99","99.99","0","0",""
"7872336920825","gear-hauler-50l-tote-bag","Gear Hauler Tote Bag","","REPLACE","45736204894457","43642477150457","MERGE","1","70107-607-0001","109.99","","23","0",""
"7872336920825","gear-hauler-50l-tote-bag","Gear Hauler Tote Bag","","REPLACE","48919635329273","46836345569529","MERGE","2","70107-425-0001","109.99","","0","0",""
"7872336920825","gear-hauler-50l-tote-bag","Gear Hauler Tote Bag","","REPLACE","45736204828921","43642477084921","MERGE","3","70107-025-0001","109.99","","16","0",""
"7872336920825","gear-hauler-50l-tote-bag","Gear Hauler Tote Bag","","REPLACE","45736204861689","43642477117689","MERGE","4","70107-336-0001","109.99","","26","0",""
"7874224521465","deviation-tall-boot","Deviation Tall Boot","boots, commercial, waterproof","REPLACE","45744211624185","43650464579833","MERGE","1","60031-001-1008","174.99","","5","0",""
"7874224521465","deviation-tall-boot","Deviation Tall Boot","boots, commercial, waterproof","REPLACE","45744211656953","43650464612601","MERGE","2","60031-001-1009","174.99","","1","0",""
"7874224521465","deviation-tall-boot","Deviation Tall Boot","boots, commercial, waterproof","REPLACE","45744211689721","43650464645369","MERGE","3","60031-001-1010","174.99","","4","0",""
"7874224521465","deviation-tall-boot","Deviation Tall Boot","boots, commercial, waterproof","REPLACE","45744211722489","43650464678137","MERGE","4","60031-001-1011","174.99","","4","0",""
"7874224521465","deviation-tall-boot","Deviation Tall Boot","boots, commercial, waterproof","REPLACE","45744211755257","43650464710905","MERGE","5","60031-001-1012","174.99","","6","0",""
"7874224521465","deviation-tall-boot","Deviation Tall Boot","boots, commercial, waterproof","REPLACE","45744211788025","43650464743673","MERGE","6","60031-001-1013","174.99","","0","0",""
"7874224521465","deviation-tall-boot","Deviation Tall Boot","boots, commercial, waterproof","REPLACE","45744211820793","43650464776441","MERGE","7","60031-001-1014","174.99","","1","0",""
"7874224521465","deviation-tall-boot","Deviation Tall Boot","boots, commercial, waterproof","REPLACE","48919604986105","46836315226361","MERGE","8","60031-355-1080","174.99","","4","0",""
"7874224521465","deviation-tall-boot","Deviation Tall Boot","boots, commercial, waterproof","REPLACE","48919605018873","46836315259129","MERGE","9","60031-355-1090","174.99","","2","0",""
"7874224521465","deviation-tall-boot","Deviation Tall Boot","boots, commercial, waterproof","REPLACE","48919605051641","46836315291897","MERGE","10","60031-355-1100","174.99","","1","0",""
"7874224521465","deviation-tall-boot","Deviation Tall Boot","boots, commercial, waterproof","REPLACE","48919605084409","46836315324665","MERGE","11","60031-355-1110","174.99","","0","0",""
"7874224521465","deviation-tall-boot","Deviation Tall Boot","boots, commercial, waterproof","REPLACE","48919605117177","46836315357433","MERGE","12","60031-355-1120","174.99","","4","0",""
"7874224521465","deviation-tall-boot","Deviation Tall Boot","boots, commercial, waterproof","REPLACE","48919605149945","46836315390201","MERGE","13","60031-355-1130","174.99","","0","0",""
"7874224521465","deviation-tall-boot","Deviation Tall Boot","boots, commercial, waterproof","REPLACE","48919605182713","46836315422969","MERGE","14","60031-355-1140","174.99","","4","0",""
"7876799463673","womens-deck-mate-5-point-sandal","Women's Deck-Mate 5-Point Sandal","sandals, womens","REPLACE","48259865968889","46175381979385","MERGE","1","60041-048-1005","74.99","","1","0",""
"7876799463673","womens-deck-mate-5-point-sandal","Women's Deck-Mate 5-Point Sandal","sandals, womens","REPLACE","48259866001657","46175382012153","MERGE","2","60041-048-1006","74.99","","2","0",""
"7876799463673","womens-deck-mate-5-point-sandal","Women's Deck-Mate 5-Point Sandal","sandals, womens","REPLACE","48259866034425","46175382044921","MERGE","3","60041-048-1007","74.99","","3","0",""
"7876799463673","womens-deck-mate-5-point-sandal","Women's Deck-Mate 5-Point Sandal","sandals, womens","REPLACE","48259866067193","46175382077689","MERGE","4","60041-048-1008","74.99","","3","0",""
"7876799463673","womens-deck-mate-5-point-sandal","Women's Deck-Mate 5-Point Sandal","sandals, womens","REPLACE","48259866099961","46175382110457","MERGE","5","60041-048-1009","74.99","","3","0",""
"7876799463673","womens-deck-mate-5-point-sandal","Women's Deck-Mate 5-Point Sandal","sandals, womens","REPLACE","48259866132729","46175382143225","MERGE","6","60041-048-1010","74.99","","2","0",""
"7876799463673","womens-deck-mate-5-point-sandal","Women's Deck-Mate 5-Point Sandal","sandals, womens","REPLACE","48259866165497","46175382175993","MERGE","7","60041-048-1011","74.99","","1","0",""
"7876799463673","womens-deck-mate-5-point-sandal","Women's Deck-Mate 5-Point Sandal","sandals, womens","REPLACE","45754490618105","43660232130809","MERGE","8","60041-324-1005","51.99","69.99","47","0",""
"7876799463673","womens-deck-mate-5-point-sandal","Women's Deck-Mate 5-Point Sandal","sandals, womens","REPLACE","45754490650873","43660232163577","MERGE","9","60041-324-1006","51.99","69.99","157","0",""
"7876799463673","womens-deck-mate-5-point-sandal","Women's Deck-Mate 5-Point Sandal","sandals, womens","REPLACE","45754490683641","43660232196345","MERGE","10","60041-324-1007","51.99","69.99","142","0",""
"7876799463673","womens-deck-mate-5-point-sandal","Women's Deck-Mate 5-Point Sandal","sandals, womens","REPLACE","45754490716409","43660232229113","MERGE","11","60041-324-1008","51.99","69.99","112","0",""
"7876799463673","womens-deck-mate-5-point-sandal","Women's Deck-Mate 5-Point Sandal","sandals, womens","REPLACE","45754490749177","43660232261881","MERGE","12","60041-324-1009","51.99","69.99","133","0",""
"7876799463673","womens-deck-mate-5-point-sandal","Women's Deck-Mate 5-Point Sandal","sandals, womens","REPLACE","45754490781945","43660232294649","MERGE","13","60041-324-1010","51.99","69.99","46","0",""
"7876799463673","womens-deck-mate-5-point-sandal","Women's Deck-Mate 5-Point Sandal","sandals, womens","REPLACE","45754490814713","43660232327417","MERGE","14","60041-324-1011","51.99","","39","0",""
"7876799463673","womens-deck-mate-5-point-sandal","Women's Deck-Mate 5-Point Sandal","sandals, womens","REPLACE","45754490847481","43660232360185","MERGE","15","60041-618-1005","51.99","69.99","11","0",""
"7876799463673","womens-deck-mate-5-point-sandal","Women's Deck-Mate 5-Point Sandal","sandals, womens","REPLACE","45754490880249","43660232392953","MERGE","16","60041-618-1006","51.99","69.99","43","0",""
"7876799463673","womens-deck-mate-5-point-sandal","Women's Deck-Mate 5-Point Sandal","sandals, womens","REPLACE","45754490913017","43660232425721","MERGE","17","60041-618-1007","51.99","","0","0",""
"7876799463673","womens-deck-mate-5-point-sandal","Women's Deck-Mate 5-Point Sandal","sandals, womens","REPLACE","45754490945785","43660232458489","MERGE","18","60041-618-1008","51.99","69.99","0","0",""
"7876799463673","womens-deck-mate-5-point-sandal","Women's Deck-Mate 5-Point Sandal","sandals, womens","REPLACE","45754490978553","43660232491257","MERGE","19","60041-618-1009","51.99","69.99","0","0",""
"7876799463673","womens-deck-mate-5-point-sandal","Women's Deck-Mate 5-Point Sandal","sandals, womens","REPLACE","45754491011321","43660232524025","MERGE","20","60041-618-1010","51.99","","0","0",""
"7876799463673","womens-deck-mate-5-point-sandal","Women's Deck-Mate 5-Point Sandal","sandals, womens","REPLACE","45754491044089","43660232556793","MERGE","21","60041-618-1011","51.99","","0","0",""
"7876799463673","womens-deck-mate-5-point-sandal","Women's Deck-Mate 5-Point Sandal","sandals, womens","REPLACE","45754491076857","43660232589561","MERGE","22","60041-060-1005","51.99","69.99","14","0",""
"7876799463673","womens-deck-mate-5-point-sandal","Women's Deck-Mate 5-Point Sandal","sandals, womens","REPLACE","45754491109625","43660232622329","MERGE","23","60041-060-1006","51.99","69.99","44","0",""
"7876799463673","womens-deck-mate-5-point-sandal","Women's Deck-Mate 5-Point Sandal","sandals, womens","REPLACE","45754491142393","43660232655097","MERGE","24","60041-060-1007","51.99","69.99","0","0",""
"7876799463673","womens-deck-mate-5-point-sandal","Women's Deck-Mate 5-Point Sandal","sandals, womens","REPLACE","45754491175161","43660232687865","MERGE","25","60041-060-1008","51.99","69.99","34","0",""
"7876799463673","womens-deck-mate-5-point-sandal","Women's Deck-Mate 5-Point Sandal","sandals, womens","REPLACE","45754491207929","43660232720633","MERGE","26","60041-060-1009","51.99","69.99","51","0",""
"7876799463673","womens-deck-mate-5-point-sandal","Women's Deck-Mate 5-Point Sandal","sandals, womens","REPLACE","45754491240697","43660232753401","MERGE","27","60041-060-1010","51.99","69.99","0","0",""
"7876799463673","womens-deck-mate-5-point-sandal","Women's Deck-Mate 5-Point Sandal","sandals, womens","REPLACE","45754491273465","43660232786169","MERGE","28","60041-060-1011","51.99","","0","0",""
"7876589453561","womens-deck-mate-3-point-sandal","Women's Deck-Mate 3-Point Sandal","sandals, womens","REPLACE","48259861283065","46175377293561","MERGE","1","60040-074-1005","69.99","","1","0",""
"7876589453561","womens-deck-mate-3-point-sandal","Women's Deck-Mate 3-Point Sandal","sandals, womens","REPLACE","48259861315833","46175377326329","MERGE","2","60040-074-1006","69.99","","3","0",""
"7876589453561","womens-deck-mate-3-point-sandal","Women's Deck-Mate 3-Point Sandal","sandals, womens","REPLACE","48259861348601","46175377359097","MERGE","3","60040-074-1007","69.99","","0","0",""
"7876589453561","womens-deck-mate-3-point-sandal","Women's Deck-Mate 3-Point Sandal","sandals, womens","REPLACE","48259861381369","46175377391865","MERGE","4","60040-074-1008","69.99","","3","0",""
"7876589453561","womens-deck-mate-3-point-sandal","Women's Deck-Mate 3-Point Sandal","sandals, womens","REPLACE","48259861414137","46175377424633","MERGE","5","60040-074-1009","69.99","","3","0",""
"7876589453561","womens-deck-mate-3-point-sandal","Women's Deck-Mate 3-Point Sandal","sandals, womens","REPLACE","48259861446905","46175377457401","MERGE","6","60040-074-1010","69.99","","2","0",""
"7876589453561","womens-deck-mate-3-point-sandal","Women's Deck-Mate 3-Point Sandal","sandals, womens","REPLACE","48259861479673","46175377490169","MERGE","7","60040-074-1011","69.99","","0","0",""
"7876589453561","womens-deck-mate-3-point-sandal","Women's Deck-Mate 3-Point Sandal","sandals, womens","REPLACE","46521067045113","44424193671417","MERGE","8","60040-612-1005","42.99","64.99","23","0",""
"7876589453561","womens-deck-mate-3-point-sandal","Women's Deck-Mate 3-Point Sandal","sandals, womens","REPLACE","46521067077881","44424193704185","MERGE","9","60040-612-1006","42.99","64.99","75","0",""
"7876589453561","womens-deck-mate-3-point-sandal","Women's Deck-Mate 3-Point Sandal","sandals, womens","REPLACE","46521067110649","44424193736953","MERGE","10","60040-612-1007","42.99","64.99","39","0",""
"7876589453561","womens-deck-mate-3-point-sandal","Women's Deck-Mate 3-Point Sandal","sandals, womens","REPLACE","46521067143417","44424193769721","MERGE","11","60040-612-1008","42.99","64.99","39","0",""
"7876589453561","womens-deck-mate-3-point-sandal","Women's Deck-Mate 3-Point Sandal","sandals, womens","REPLACE","46521067176185","44424193802489","MERGE","12","60040-612-1009","42.99","64.99","36","0",""
"7876589453561","womens-deck-mate-3-point-sandal","Women's Deck-Mate 3-Point Sandal","sandals, womens","REPLACE","46521067208953","44424193835257","MERGE","13","60040-612-1010","42.99","64.99","6","0",""
"7876589453561","womens-deck-mate-3-point-sandal","Women's Deck-Mate 3-Point Sandal","sandals, womens","REPLACE","46521067241721","44424193868025","MERGE","14","60040-612-1011","42.99","64.99","0","0",""
"7876589453561","womens-deck-mate-3-point-sandal","Women's Deck-Mate 3-Point Sandal","sandals, womens","REPLACE","45753243074809","43658983964921","MERGE","15","60040-215-1005","42.99","64.99","53","0",""
"7876589453561","womens-deck-mate-3-point-sandal","Women's Deck-Mate 3-Point Sandal","sandals, womens","REPLACE","45753243107577","43658983997689","MERGE","16","60040-215-1006","42.99","64.99","156","0",""
"7876589453561","womens-deck-mate-3-point-sandal","Women's Deck-Mate 3-Point Sandal","sandals, womens","REPLACE","45753243140345","43658984030457","MERGE","17","60040-215-1007","42.99","64.99","134","0",""
"7876589453561","womens-deck-mate-3-point-sandal","Women's Deck-Mate 3-Point Sandal","sandals, womens","REPLACE","45753243173113","43658984063225","MERGE","18","60040-215-1008","42.99","64.99","222","0",""
"7876589453561","womens-deck-mate-3-point-sandal","Women's Deck-Mate 3-Point Sandal","sandals, womens","REPLACE","45753243205881","43658984095993","MERGE","19","60040-215-1009","42.99","64.99","182","0",""
"7876589453561","womens-deck-mate-3-point-sandal","Women's Deck-Mate 3-Point Sandal","sandals, womens","REPLACE","45753243238649","43658984128761","MERGE","20","60040-215-1010","42.99","64.99","89","0",""
"7876589453561","womens-deck-mate-3-point-sandal","Women's Deck-Mate 3-Point Sandal","sandals, womens","REPLACE","45753243271417","43658984161529","MERGE","21","60040-215-1011","42.99","64.99","8","0",""
"7876589453561","womens-deck-mate-3-point-sandal","Women's Deck-Mate 3-Point Sandal","sandals, womens","REPLACE","45753242845433","43658983735545","MERGE","22","60040-025-1005","49.99","64.99","24","0",""
"7876589453561","womens-deck-mate-3-point-sandal","Women's Deck-Mate 3-Point Sandal","sandals, womens","REPLACE","45753242878201","43658983768313","MERGE","23","60040-025-1006","49.99","64.99","26","0",""
"7876589453561","womens-deck-mate-3-point-sandal","Women's Deck-Mate 3-Point Sandal","sandals, womens","REPLACE","45753242910969","43658983801081","MERGE","24","60040-025-1007","49.99","64.99","0","0",""
"7876589453561","womens-deck-mate-3-point-sandal","Women's Deck-Mate 3-Point Sandal","sandals, womens","REPLACE","45753242943737","43658983833849","MERGE","25","60040-025-1008","49.99","64.99","0","0",""
"7876589453561","womens-deck-mate-3-point-sandal","Women's Deck-Mate 3-Point Sandal","sandals, womens","REPLACE","45753242976505","43658983866617","MERGE","26","60040-025-1009","49.99","64.99","0","0",""
"7876589453561","womens-deck-mate-3-point-sandal","Women's Deck-Mate 3-Point Sandal","sandals, womens","REPLACE","45753243009273","43658983899385","MERGE","27","60040-025-1010","49.99","64.99","0","0",""
"7876589453561","womens-deck-mate-3-point-sandal","Women's Deck-Mate 3-Point Sandal","sandals, womens","REPLACE","45753243042041","43658983932153","MERGE","28","60040-025-1011","49.99","64.99","0","0",""
"7876589453561","womens-deck-mate-3-point-sandal","Women's Deck-Mate 3-Point Sandal","sandals, womens","REPLACE","45753243533561","43658984423673","MERGE","29","60040-428-1005","49.99","64.99","23","0",""
"7876589453561","womens-deck-mate-3-point-sandal","Women's Deck-Mate 3-Point Sandal","sandals, womens","REPLACE","45753243566329","43658984456441","MERGE","30","60040-428-1006","49.99","64.99","27","0",""
"7876589453561","womens-deck-mate-3-point-sandal","Women's Deck-Mate 3-Point Sandal","sandals, womens","REPLACE","45753243599097","43658984489209","MERGE","31","60040-428-1007","49.99","64.99","0","0",""
"7876589453561","womens-deck-mate-3-point-sandal","Women's Deck-Mate 3-Point Sandal","sandals, womens","REPLACE","45753243631865","43658984521977","MERGE","32","60040-428-1008","49.99","64.99","0","0",""
"7876589453561","womens-deck-mate-3-point-sandal","Women's Deck-Mate 3-Point Sandal","sandals, womens","REPLACE","45753243664633","43658984554745","MERGE","33","60040-428-1009","49.99","64.99","0","0",""
"7876589453561","womens-deck-mate-3-point-sandal","Women's Deck-Mate 3-Point Sandal","sandals, womens","REPLACE","45753243697401","43658984587513","MERGE","34","60040-428-1010","49.99","64.99","0","0",""
"7876589453561","womens-deck-mate-3-point-sandal","Women's Deck-Mate 3-Point Sandal","sandals, womens","REPLACE","45753243730169","43658984620281","MERGE","35","60040-428-1011","49.99","64.99","0","0",""
"7876589453561","womens-deck-mate-3-point-sandal","Women's Deck-Mate 3-Point Sandal","sandals, womens","REPLACE","45753243304185","43658984194297","MERGE","36","60040-329-1005","49.99","64.99","6","0",""
"7876589453561","womens-deck-mate-3-point-sandal","Women's Deck-Mate 3-Point Sandal","sandals, womens","REPLACE","45753243336953","43658984227065","MERGE","37","60040-329-1006","49.99","64.99","9","0",""
"7876589453561","womens-deck-mate-3-point-sandal","Women's Deck-Mate 3-Point Sandal","sandals, womens","REPLACE","45753243369721","43658984259833","MERGE","38","60040-329-1007","49.99","64.99","0","0",""
"7876589453561","womens-deck-mate-3-point-sandal","Women's Deck-Mate 3-Point Sandal","sandals, womens","REPLACE","45753243402489","43658984292601","MERGE","39","60040-329-1008","49.99","64.99","0","0",""
"7876589453561","womens-deck-mate-3-point-sandal","Women's Deck-Mate 3-Point Sandal","sandals, womens","REPLACE","45753243435257","43658984325369","MERGE","40","60040-329-1009","49.99","64.99","0","0",""
"7876589453561","womens-deck-mate-3-point-sandal","Women's Deck-Mate 3-Point Sandal","sandals, womens","REPLACE","45753243468025","43658984358137","MERGE","41","60040-329-1010","49.99","64.99","0","0",""
"7876589453561","womens-deck-mate-3-point-sandal","Women's Deck-Mate 3-Point Sandal","sandals, womens","REPLACE","45753243500793","43658984390905","MERGE","42","60040-329-1011","49.99","64.99","0","0",""
"7887220769017","fish-bones-trucker-312","Fish Bones Trucker 312","hats","REPLACE","45789339681017","43694894842105","MERGE","1","50254-016-0001","34.99","","0","0",""
"7870880317689","species-sandal","Species Sandal","footwear, mens, sandals","REPLACE","46521063702777","44424190329081","MERGE","1","60048-350-1008","54.99","","5","0",""
"7870880317689","species-sandal","Species Sandal","footwear, mens, sandals","REPLACE","46521063801081","44424190427385","MERGE","2","60048-350-1009","54.99","","4","0",""
"7870880317689","species-sandal","Species Sandal","footwear, mens, sandals","REPLACE","46521063899385","44424190525689","MERGE","3","60048-350-1010","54.99","","2","0",""
"7870880317689","species-sandal","Species Sandal","footwear, mens, sandals","REPLACE","46521063997689","44424190623993","MERGE","4","60048-350-1011","54.99","","24","0",""
"7870880317689","species-sandal","Species Sandal","footwear, mens, sandals","REPLACE","46521064095993","44424190722297","MERGE","5","60048-350-1012","54.99","","4","0",""
"7870880317689","species-sandal","Species Sandal","footwear, mens, sandals","REPLACE","46521064194297","44424190820601","MERGE","6","60048-350-1013","54.99","","2","0",""
"7870880317689","species-sandal","Species Sandal","footwear, mens, sandals","REPLACE","46521064292601","44424190918905","MERGE","7","60048-350-1014","54.99","","5","0",""
"7870880317689","species-sandal","Species Sandal","footwear, mens, sandals","REPLACE","46521063670009","44424190296313","MERGE","8","60048-227-1008","54.99","","2","0",""
"7870880317689","species-sandal","Species Sandal","footwear, mens, sandals","REPLACE","46521063768313","44424190394617","MERGE","9","60048-227-1009","54.99","","2","0",""
"7870880317689","species-sandal","Species Sandal","footwear, mens, sandals","REPLACE","46521063866617","44424190492921","MERGE","10","60048-227-1010","54.99","","5","0",""
"7870880317689","species-sandal","Species Sandal","footwear, mens, sandals","REPLACE","46521063964921","44424190591225","MERGE","11","60048-227-1011","54.99","","2","0",""
"7870880317689","species-sandal","Species Sandal","footwear, mens, sandals","REPLACE","46521064063225","44424190689529","MERGE","12","60048-227-1012","54.99","","4","0",""
"7870880317689","species-sandal","Species Sandal","footwear, mens, sandals","REPLACE","46521064161529","44424190787833","MERGE","13","60048-227-1013","54.99","","3","0",""
"7870880317689","species-sandal","Species Sandal","footwear, mens, sandals","REPLACE","46521064259833","44424190886137","MERGE","14","60048-227-1014","54.99","","2","0",""
"7870880317689","species-sandal","Species Sandal","footwear, mens, sandals","REPLACE","48259867312377","46175383322873","MERGE","15","60048-810-1008","41.99","54.99","30","0",""
"7870880317689","species-sandal","Species Sandal","footwear, mens, sandals","REPLACE","48259867345145","46175383355641","MERGE","16","60048-810-1009","41.99","54.99","77","0",""
"7870880317689","species-sandal","Species Sandal","footwear, mens, sandals","REPLACE","48259867377913","46175383388409","MERGE","17","60048-810-1010","41.99","54.99","85","0",""
"7870880317689","species-sandal","Species Sandal","footwear, mens, sandals","REPLACE","48259867410681","46175383421177","MERGE","18","60048-810-1011","41.99","54.99","129","0",""
"7870880317689","species-sandal","Species Sandal","footwear, mens, sandals","REPLACE","48259867443449","46175383453945","MERGE","19","60048-810-1012","41.99","54.99","137","0",""
"7870880317689","species-sandal","Species Sandal","footwear, mens, sandals","REPLACE","48259867476217","46175383486713","MERGE","20","60048-810-1013","41.99","54.99","108","0",""
"7870880317689","species-sandal","Species Sandal","footwear, mens, sandals","REPLACE","48259867508985","46175383519481","MERGE","21","60048-810-1014","41.99","54.99","8","0",""
"7870880317689","species-sandal","Species Sandal","footwear, mens, sandals","REPLACE","47481636126969","45395244122361","MERGE","22","60048-483-1008","41.99","54.99","41","0",""
"7870880317689","species-sandal","Species Sandal","footwear, mens, sandals","REPLACE","47481636159737","45395244155129","MERGE","23","60048-483-1009","41.99","54.99","24","0",""
"7870880317689","species-sandal","Species Sandal","footwear, mens, sandals","REPLACE","47481636192505","45395244187897","MERGE","24","60048-483-1010","41.99","54.99","76","0",""
"7870880317689","species-sandal","Species Sandal","footwear, mens, sandals","REPLACE","47481636225273","45395244220665","MERGE","25","60048-483-1011","41.99","54.99","40","0",""
"7870880317689","species-sandal","Species Sandal","footwear, mens, sandals","REPLACE","47481636258041","45395244253433","MERGE","26","60048-483-1012","41.99","54.99","81","0",""
"7870880317689","species-sandal","Species Sandal","footwear, mens, sandals","REPLACE","47481636290809","45395244286201","MERGE","27","60048-483-1013","41.99","54.99","36","0",""
"7870880317689","species-sandal","Species Sandal","footwear, mens, sandals","REPLACE","47481636323577","45395244318969","MERGE","28","60048-483-1014","41.99","54.99","0","0",""
"7870880317689","species-sandal","Species Sandal","footwear, mens, sandals","REPLACE","45733083873529","43639367958777","MERGE","29","60048-226-1008","54.99","","1","0",""
"7870880317689","species-sandal","Species Sandal","footwear, mens, sandals","REPLACE","45733083906297","43639367991545","MERGE","30","60048-226-1009","54.99","","3","0",""
"7870880317689","species-sandal","Species Sandal","footwear, mens, sandals","REPLACE","45733083939065","43639368024313","MERGE","31","60048-226-1010","54.99","","2","0",""
"7870880317689","species-sandal","Species Sandal","footwear, mens, sandals","REPLACE","45733083971833","43639368057081","MERGE","32","60048-226-1011","54.99","","2","0",""
"7870880317689","species-sandal","Species Sandal","footwear, mens, sandals","REPLACE","45733084004601","43639368089849","MERGE","33","60048-226-1012","54.99","","1","0",""
"7870880317689","species-sandal","Species Sandal","footwear, mens, sandals","REPLACE","45733084037369","43639368122617","MERGE","34","60048-226-1013","54.99","","2","0",""
"7870880317689","species-sandal","Species Sandal","footwear, mens, sandals","REPLACE","45733084070137","43639368155385","MERGE","35","60048-226-1014","54.99","","0","0",""
"7870880317689","species-sandal","Species Sandal","footwear, mens, sandals","REPLACE","46521063735545","44424190361849","MERGE","36","60048-911-1008","54.99","","17","0",""
"7870880317689","species-sandal","Species Sandal","footwear, mens, sandals","REPLACE","46521063833849","44424190460153","MERGE","37","60048-911-1009","54.99","","0","0",""
"7870880317689","species-sandal","Species Sandal","footwear, mens, sandals","REPLACE","46521063932153","44424190558457","MERGE","38","60048-911-1010","54.99","","0","0",""
"7870880317689","species-sandal","Species Sandal","footwear, mens, sandals","REPLACE","46521064030457","44424190656761","MERGE","39","60048-911-1011","54.99","","0","0",""
"7870880317689","species-sandal","Species Sandal","footwear, mens, sandals","REPLACE","46521064128761","44424190755065","MERGE","40","60048-911-1012","54.99","","0","0",""
"7870880317689","species-sandal","Species Sandal","footwear, mens, sandals","REPLACE","46521064227065","44424190853369","MERGE","41","60048-911-1013","54.99","","0","0",""
"7870880317689","species-sandal","Species Sandal","footwear, mens, sandals","REPLACE","46521064325369","44424190951673","MERGE","42","60048-911-1014","54.99","","0","0",""
"7870880317689","species-sandal","Species Sandal","footwear, mens, sandals","REPLACE","49520397320441","47432633352441","MERGE","43","60048-928-1080","54.99","","0","0",""
"7870880317689","species-sandal","Species Sandal","footwear, mens, sandals","REPLACE","49520397353209","47432633385209","MERGE","44","60048-928-1090","54.99","","0","0",""
"7870880317689","species-sandal","Species Sandal","footwear, mens, sandals","REPLACE","49520397385977","47432633417977","MERGE","45","60048-928-1010","54.99","0.00","0","0",""
"7870880317689","species-sandal","Species Sandal","footwear, mens, sandals","REPLACE","49520397418745","47432633450745","MERGE","46","60048-928-1011","54.99","0.00","0","0",""
"7870880317689","species-sandal","Species Sandal","footwear, mens, sandals","REPLACE","49520397451513","47432633483513","MERGE","47","60048-928-1012","54.99","0.00","0","0",""
"7870880317689","species-sandal","Species Sandal","footwear, mens, sandals","REPLACE","49520397484281","47432633516281","MERGE","48","60048-928-1013","54.99","0.00","0","0",""
"7870880317689","species-sandal","Species Sandal","footwear, mens, sandals","REPLACE","49520397517049","47432633549049","MERGE","49","60048-928-1014","54.99","0.00","0","0",""
"7887235809529","script-trucker","Script Trucker","hats","REPLACE","45789374841081","43694930002169","MERGE","1","50273-410-0001","19.99","29.99","0","0",""
"7887239414009","waterman-straw-hat","Waterman Straw Hat","hats","REPLACE","45789384442105","43694939603193","MERGE","1","50284-224-0001","34.99","","23","0",""
"7879342489849","seaknit-boat-shoe-sale","SeaKnit™ Boat Shoe - Sale","footwear, mens, Sale, Sale 2, shoes, tag__hot_Sale","REPLACE","46311760953593","44215010263289","MERGE","1","60018-001-1080","54.99","119.99","0","0",""
"7879342489849","seaknit-boat-shoe-sale","SeaKnit™ Boat Shoe - Sale","footwear, mens, Sale, Sale 2, shoes, tag__hot_Sale","REPLACE","46311760986361","44215010296057","MERGE","2","60018-001-1085","54.99","119.99","0","0",""
"7879342489849","seaknit-boat-shoe-sale","SeaKnit™ Boat Shoe - Sale","footwear, mens, Sale, Sale 2, shoes, tag__hot_Sale","REPLACE","46311761019129","44215010328825","MERGE","3","60018-001-1090","54.99","119.99","0","0",""
"7879342489849","seaknit-boat-shoe-sale","SeaKnit™ Boat Shoe - Sale","footwear, mens, Sale, Sale 2, shoes, tag__hot_Sale","REPLACE","46311761051897","44215010361593","MERGE","4","60018-001-1095","54.99","119.99","0","0",""
"7879342489849","seaknit-boat-shoe-sale","SeaKnit™ Boat Shoe - Sale","footwear, mens, Sale, Sale 2, shoes, tag__hot_Sale","REPLACE","46311761084665","44215010394361","MERGE","5","60018-001-1100","54.99","119.99","0","0",""
"7879342489849","seaknit-boat-shoe-sale","SeaKnit™ Boat Shoe - Sale","footwear, mens, Sale, Sale 2, shoes, tag__hot_Sale","REPLACE","47335477477625","45243052032249","MERGE","6","60018-001-1105","54.99","119.99","0","0",""
"7879342489849","seaknit-boat-shoe-sale","SeaKnit™ Boat Shoe - Sale","footwear, mens, Sale, Sale 2, shoes, tag__hot_Sale","REPLACE","46311761150201","44215010459897","MERGE","7","60018-001-1110","54.99","119.99","0","0",""
"7879342489849","seaknit-boat-shoe-sale","SeaKnit™ Boat Shoe - Sale","footwear, mens, Sale, Sale 2, shoes, tag__hot_Sale","REPLACE","46311761182969","44215010492665","MERGE","8","60018-001-1115","54.99","119.99","0","0",""
"7879342489849","seaknit-boat-shoe-sale","SeaKnit™ Boat Shoe - Sale","footwear, mens, Sale, Sale 2, shoes, tag__hot_Sale","REPLACE","46311761215737","44215010525433","MERGE","9","60018-001-1120","54.99","119.99","0","0",""
"7879342489849","seaknit-boat-shoe-sale","SeaKnit™ Boat Shoe - Sale","footwear, mens, Sale, Sale 2, shoes, tag__hot_Sale","REPLACE","46311761248505","44215010558201","MERGE","10","60018-001-1130","54.99","119.99","0","0",""
"7879342489849","seaknit-boat-shoe-sale","SeaKnit™ Boat Shoe - Sale","footwear, mens, Sale, Sale 2, shoes, tag__hot_Sale","REPLACE","46311761281273","44215010590969","MERGE","11","60018-001-1140","54.99","119.99","0","0",""
"7874324562169","fishfinder-sandal","Fishfinder Sandal","footwear, mens, sandals","REPLACE","49520395387129","47432631419129","MERGE","1","60037-913-1080","74.99","","0","0",""
"7874324562169","fishfinder-sandal","Fishfinder Sandal","footwear, mens, sandals","REPLACE","49520395419897","47432631451897","MERGE","2","60037-913-1090","74.99","","0","0",""
"7874324562169","fishfinder-sandal","Fishfinder Sandal","footwear, mens, sandals","REPLACE","49520395452665","47432631484665","MERGE","3","60037-913-1010","74.99","0.00","0","0",""
"7874324562169","fishfinder-sandal","Fishfinder Sandal","footwear, mens, sandals","REPLACE","49520395485433","47432631517433","MERGE","4","60037-913-1011","74.99","0.00","0","0",""
"7874324562169","fishfinder-sandal","Fishfinder Sandal","footwear, mens, sandals","REPLACE","49520395518201","47432631550201","MERGE","5","60037-913-1012","74.99","0.00","0","0",""
"7874324562169","fishfinder-sandal","Fishfinder Sandal","footwear, mens, sandals","REPLACE","49520395550969","47432631582969","MERGE","6","60037-913-1013","74.99","0.00","0","0",""
"7874324562169","fishfinder-sandal","Fishfinder Sandal","footwear, mens, sandals","REPLACE","49520395583737","47432631615737","MERGE","7","60037-913-1014","74.99","0.00","0","0",""
"7874324562169","fishfinder-sandal","Fishfinder Sandal","footwear, mens, sandals","REPLACE","48259831759097","46175347769593","MERGE","8","60037-477-1008","74.99","","17","0",""
"7874324562169","fishfinder-sandal","Fishfinder Sandal","footwear, mens, sandals","REPLACE","48259831791865","46175347802361","MERGE","9","60037-477-1009","74.99","","52","0",""
"7874324562169","fishfinder-sandal","Fishfinder Sandal","footwear, mens, sandals","REPLACE","48259831824633","46175347835129","MERGE","10","60037-477-1010","74.99","","19","0",""
"7874324562169","fishfinder-sandal","Fishfinder Sandal","footwear, mens, sandals","REPLACE","48259831857401","46175347867897","MERGE","11","60037-477-1011","74.99","","23","0",""
"7874324562169","fishfinder-sandal","Fishfinder Sandal","footwear, mens, sandals","REPLACE","48259831890169","46175347900665","MERGE","12","60037-477-1012","74.99","","36","0",""
"7874324562169","fishfinder-sandal","Fishfinder Sandal","footwear, mens, sandals","REPLACE","48259831922937","46175347933433","MERGE","13","60037-477-1013","74.99","","14","0",""
"7874324562169","fishfinder-sandal","Fishfinder Sandal","footwear, mens, sandals","REPLACE","48259831955705","46175347966201","MERGE","14","60037-477-1014","74.99","","14","0",""
"7874324562169","fishfinder-sandal","Fishfinder Sandal","footwear, mens, sandals","REPLACE","45745380950265","43651132588281","MERGE","15","60037-025-1008","74.99","","3","0",""
"7874324562169","fishfinder-sandal","Fishfinder Sandal","footwear, mens, sandals","REPLACE","45745380983033","43651132621049","MERGE","16","60037-025-1009","74.99","","5","0",""
"7874324562169","fishfinder-sandal","Fishfinder Sandal","footwear, mens, sandals","REPLACE","45745381015801","43651132653817","MERGE","17","60037-025-1010","74.99","","0","0",""
"7874324562169","fishfinder-sandal","Fishfinder Sandal","footwear, mens, sandals","REPLACE","45745381048569","43651132686585","MERGE","18","60037-025-1011","74.99","","0","0",""
"7874324562169","fishfinder-sandal","Fishfinder Sandal","footwear, mens, sandals","REPLACE","45745381081337","43651132719353","MERGE","19","60037-025-1012","74.99","","0","0",""
"7874324562169","fishfinder-sandal","Fishfinder Sandal","footwear, mens, sandals","REPLACE","45745381114105","43651132752121","MERGE","20","60037-025-1013","74.99","","0","0",""
"7874324562169","fishfinder-sandal","Fishfinder Sandal","footwear, mens, sandals","REPLACE","45745381146873","43651132784889","MERGE","21","60037-025-1014","74.99","","0","0",""
"7874324562169","fishfinder-sandal","Fishfinder Sandal","footwear, mens, sandals","REPLACE","45745381179641","43651132817657","MERGE","22","60037-215-1008","74.99","","1","0",""
"7874324562169","fishfinder-sandal","Fishfinder Sandal","footwear, mens, sandals","REPLACE","45745381212409","43651132850425","MERGE","23","60037-215-1009","74.99","","4","0",""
"7874324562169","fishfinder-sandal","Fishfinder Sandal","footwear, mens, sandals","REPLACE","45745381245177","43651132883193","MERGE","24","60037-215-1010","74.99","","10","0",""
"7874324562169","fishfinder-sandal","Fishfinder Sandal","footwear, mens, sandals","REPLACE","45745381277945","43651132915961","MERGE","25","60037-215-1011","74.99","","0","0",""
"7874324562169","fishfinder-sandal","Fishfinder Sandal","footwear, mens, sandals","REPLACE","45745381310713","43651132948729","MERGE","26","60037-215-1012","74.99","","6","0",""
"7874324562169","fishfinder-sandal","Fishfinder Sandal","footwear, mens, sandals","REPLACE","45745381343481","43651132981497","MERGE","27","60037-215-1013","74.99","","0","0",""
"7874324562169","fishfinder-sandal","Fishfinder Sandal","footwear, mens, sandals","REPLACE","45745381376249","43651133047033","MERGE","28","60037-215-1014","74.99","","1","0",""
"7874324562169","fishfinder-sandal","Fishfinder Sandal","footwear, mens, sandals","REPLACE","45745381409017","43651133079801","MERGE","29","60037-325-1008","51.99","","0","0",""
"7874324562169","fishfinder-sandal","Fishfinder Sandal","footwear, mens, sandals","REPLACE","45745381441785","43651133112569","MERGE","30","60037-325-1009","51.99","69.99","44","0",""
"7874324562169","fishfinder-sandal","Fishfinder Sandal","footwear, mens, sandals","REPLACE","45745381474553","43651133178105","MERGE","31","60037-325-1010","51.99","69.99","0","0",""
"7874324562169","fishfinder-sandal","Fishfinder Sandal","footwear, mens, sandals","REPLACE","45745381507321","43651133210873","MERGE","32","60037-325-1011","51.99","69.99","0","0",""
"7874324562169","fishfinder-sandal","Fishfinder Sandal","footwear, mens, sandals","REPLACE","45745381540089","43651133243641","MERGE","33","60037-325-1012","51.99","69.99","0","0",""
"7874324562169","fishfinder-sandal","Fishfinder Sandal","footwear, mens, sandals","REPLACE","45745381572857","43651133276409","MERGE","34","60037-325-1013","51.99","","0","0",""
"7874324562169","fishfinder-sandal","Fishfinder Sandal","footwear, mens, sandals","REPLACE","45745381605625","43651133309177","MERGE","35","60037-325-1014","51.99","","0","0",""
"7874324562169","fishfinder-sandal","Fishfinder Sandal","footwear, mens, sandals","REPLACE","47297121648889","45203664503033","MERGE","36","60037-910-1008","69.99","69.99","43","0",""
"7874324562169","fishfinder-sandal","Fishfinder Sandal","footwear, mens, sandals","REPLACE","47297121681657","45203664568569","MERGE","37","60037-910-1009","69.99","69.99","0","0",""
"7874324562169","fishfinder-sandal","Fishfinder Sandal","footwear, mens, sandals","REPLACE","47297121714425","45203664601337","MERGE","38","60037-910-1010","69.99","69.99","2","0",""
"7874324562169","fishfinder-sandal","Fishfinder Sandal","footwear, mens, sandals","REPLACE","47297121747193","45203664634105","MERGE","39","60037-910-1011","69.99","69.99","11","0",""
"7874324562169","fishfinder-sandal","Fishfinder Sandal","footwear, mens, sandals","REPLACE","47297121779961","45203664666873","MERGE","40","60037-910-1012","69.99","69.99","0","0",""
"7874324562169","fishfinder-sandal","Fishfinder Sandal","footwear, mens, sandals","REPLACE","47297121812729","45203664699641","MERGE","41","60037-910-1013","69.99","69.99","25","0",""
"7874324562169","fishfinder-sandal","Fishfinder Sandal","footwear, mens, sandals","REPLACE","47297121845497","45203664732409","MERGE","42","60037-910-1014","69.99","69.99","26","0",""
"7874324562169","fishfinder-sandal","Fishfinder Sandal","footwear, mens, sandals","REPLACE","45745381638393","43651133341945","MERGE","43","60037-460-1008","69.99","69.99","0","0",""
"7874324562169","fishfinder-sandal","Fishfinder Sandal","footwear, mens, sandals","REPLACE","45745381671161","43651133374713","MERGE","44","60037-460-1009","69.99","69.99","0","0",""
"7874324562169","fishfinder-sandal","Fishfinder Sandal","footwear, mens, sandals","REPLACE","45745381703929","43651133407481","MERGE","45","60037-460-1010","69.99","69.99","0","0",""
"7874324562169","fishfinder-sandal","Fishfinder Sandal","footwear, mens, sandals","REPLACE","45745381736697","43651133440249","MERGE","46","60037-460-1011","69.99","69.99","0","0",""
"7874324562169","fishfinder-sandal","Fishfinder Sandal","footwear, mens, sandals","REPLACE","45745381769465","43651133473017","MERGE","47","60037-460-1012","69.99","69.99","0","0",""
"7874324562169","fishfinder-sandal","Fishfinder Sandal","footwear, mens, sandals","REPLACE","45745381802233","43651133505785","MERGE","48","60037-460-1013","69.99","69.99","0","0",""
"7874324562169","fishfinder-sandal","Fishfinder Sandal","footwear, mens, sandals","REPLACE","45745381835001","43651133538553","MERGE","49","60037-460-1014","69.99","69.99","0","0",""
"7954009358585","ballast-sherpa-jacket-2-0","Ballast Sherpa Jacket 2.0","everyday, insulated, mens-jacket, zip","REPLACE","46038171418873","43942033096953","MERGE","1","20042-001-0013","104.99","139.99","27","0",""
"7954009358585","ballast-sherpa-jacket-2-0","Ballast Sherpa Jacket 2.0","everyday, insulated, mens-jacket, zip","REPLACE","46038171451641","43942033129721","MERGE","2","20042-001-0014","104.99","139.99","85","0",""
"7954009358585","ballast-sherpa-jacket-2-0","Ballast Sherpa Jacket 2.0","everyday, insulated, mens-jacket, zip","REPLACE","46038171484409","43942033162489","MERGE","3","20042-001-0015","104.99","139.99","86","0",""
"7954009358585","ballast-sherpa-jacket-2-0","Ballast Sherpa Jacket 2.0","everyday, insulated, mens-jacket, zip","REPLACE","46038171517177","43942033195257","MERGE","4","20042-001-0016","104.99","139.99","23","0",""
"7954009358585","ballast-sherpa-jacket-2-0","Ballast Sherpa Jacket 2.0","everyday, insulated, mens-jacket, zip","REPLACE","46038171549945","43942033228025","MERGE","5","20042-001-0017","104.99","139.99","45","0",""
"7954009358585","ballast-sherpa-jacket-2-0","Ballast Sherpa Jacket 2.0","everyday, insulated, mens-jacket, zip","REPLACE","46038171582713","43942033260793","MERGE","6","20042-001-0018","104.99","139.99","0","0",""
"7927740760313","lionfish-sandal","Lionfish Sandal","footwear, sandals","REPLACE","46520999411961","44424126038265","MERGE","1","60051-200-1008","97.99","129.99","32","0",""
"7927740760313","lionfish-sandal","Lionfish Sandal","footwear, sandals","REPLACE","45942895968505","43848156545273","MERGE","2","60051-200-1009","97.99","129.99","44","0",""
"7927740760313","lionfish-sandal","Lionfish Sandal","footwear, sandals","REPLACE","45942896001273","43848156578041","MERGE","3","60051-200-1010","97.99","129.99","62","0",""
"7927740760313","lionfish-sandal","Lionfish Sandal","footwear, sandals","REPLACE","45942896034041","43848156676345","MERGE","4","60051-200-1011","97.99","129.99","86","0",""
"7927740760313","lionfish-sandal","Lionfish Sandal","footwear, sandals","REPLACE","45942896066809","43848156741881","MERGE","5","60051-200-1012","97.99","129.99","41","0",""
"7927740760313","lionfish-sandal","Lionfish Sandal","footwear, sandals","REPLACE","45942896099577","43848156840185","MERGE","6","60051-200-1013","97.99","129.99","31","0",""
"7927740760313","lionfish-sandal","Lionfish Sandal","footwear, sandals","REPLACE","46520999444729","44424126071033","MERGE","7","60051-200-1014","97.99","129.99","28","0",""
"7954020139257","ballast-insulated-vest-2-0","Ballast Insulated Vest 2.0","everyday, insulated, light, mens-jackets, vest","REPLACE","46038702129401","43942563807481","MERGE","1","20067-001-0013","129.99","","0","0",""
"7954020139257","ballast-insulated-vest-2-0","Ballast Insulated Vest 2.0","everyday, insulated, light, mens-jackets, vest","REPLACE","46038702293241","43942563938553","MERGE","2","20067-001-0014","129.99","","2","0",""
"7954020139257","ballast-insulated-vest-2-0","Ballast Insulated Vest 2.0","everyday, insulated, light, mens-jackets, vest","REPLACE","46038702326009","43942564004089","MERGE","3","20067-001-0015","129.99","","2","0",""
"7954020139257","ballast-insulated-vest-2-0","Ballast Insulated Vest 2.0","everyday, insulated, light, mens-jackets, vest","REPLACE","46038702358777","43942564036857","MERGE","4","20067-001-0016","129.99","","0","0",""
"7954020139257","ballast-insulated-vest-2-0","Ballast Insulated Vest 2.0","everyday, insulated, light, mens-jackets, vest","REPLACE","46038702391545","43942564069625","MERGE","5","20067-001-0017","129.99","","0","0",""
"7954020139257","ballast-insulated-vest-2-0","Ballast Insulated Vest 2.0","everyday, insulated, light, mens-jackets, vest","REPLACE","46038702424313","43942564102393","MERGE","6","20067-001-0018","129.99","","0","0",""
"8036527538425","crewman-tall-boot","Crewman Tall Boot","boots, commercial, footwear, waterproof","REPLACE","49564719546617","47476781973753","MERGE","1","600500251007","199.99","","0","0",""
"8036527538425","crewman-tall-boot","Crewman Tall Boot","boots, commercial, footwear, waterproof","REPLACE","46297701548281","44201007907065","MERGE","2","60050-025-1008","199.99","","79","0",""
"8036527538425","crewman-tall-boot","Crewman Tall Boot","boots, commercial, footwear, waterproof","REPLACE","46297701581049","44201007939833","MERGE","3","60050-025-1009","199.99","","280","0",""
"8036527538425","crewman-tall-boot","Crewman Tall Boot","boots, commercial, footwear, waterproof","REPLACE","46297701613817","44201007972601","MERGE","4","60050-025-1010","199.99","","209","0",""
"8036527538425","crewman-tall-boot","Crewman Tall Boot","boots, commercial, footwear, waterproof","REPLACE","46297701646585","44201008005369","MERGE","5","60050-025-1011","199.99","","446","0",""
"8036527538425","crewman-tall-boot","Crewman Tall Boot","boots, commercial, footwear, waterproof","REPLACE","46297701679353","44201008038137","MERGE","6","60050-025-1012","199.99","","195","0",""
"8036527538425","crewman-tall-boot","Crewman Tall Boot","boots, commercial, footwear, waterproof","REPLACE","46297701712121","44201008070905","MERGE","7","60050-025-1013","199.99","","162","0",""
"8036527538425","crewman-tall-boot","Crewman Tall Boot","boots, commercial, footwear, waterproof","REPLACE","46297701744889","44201008103673","MERGE","8","60050-025-1014","199.99","","24","0",""
"8036527538425","crewman-tall-boot","Crewman Tall Boot","boots, commercial, footwear, waterproof","REPLACE","48919610884345","46836321124601","MERGE","9","60050-025-1015","199.99","","3","0",""
"7954082103545","ballast-insulated-jacket-2-0","Ballast Insulated Jacket 2.0","everyday, medium, mens-jacket, zip","REPLACE","46040369135865","43944229568761","MERGE","1","20066-213-0013","189.99","","3","0",""
"7954082103545","ballast-insulated-jacket-2-0","Ballast Insulated Jacket 2.0","everyday, medium, mens-jacket, zip","REPLACE","46040369168633","43944229601529","MERGE","2","20066-213-0014","189.99","","33","0",""
"7954082103545","ballast-insulated-jacket-2-0","Ballast Insulated Jacket 2.0","everyday, medium, mens-jacket, zip","REPLACE","46040369201401","43944229634297","MERGE","3","20066-213-0015","189.99","","2","0",""
"7954082103545","ballast-insulated-jacket-2-0","Ballast Insulated Jacket 2.0","everyday, medium, mens-jacket, zip","REPLACE","46040369234169","43944229667065","MERGE","4","20066-213-0016","189.99","","29","0",""
"7954082103545","ballast-insulated-jacket-2-0","Ballast Insulated Jacket 2.0","everyday, medium, mens-jacket, zip","REPLACE","46040369266937","43944229699833","MERGE","5","20066-213-0017","189.99","","39","0",""
"7954082103545","ballast-insulated-jacket-2-0","Ballast Insulated Jacket 2.0","everyday, medium, mens-jacket, zip","REPLACE","46040369299705","43944229732601","MERGE","6","20066-213-0018","189.99","","0","0",""
"7954082103545","ballast-insulated-jacket-2-0","Ballast Insulated Jacket 2.0","everyday, medium, mens-jacket, zip","REPLACE","46040368939257","43944229372153","MERGE","7","20066-001-0013","189.99","","0","0",""
"7954082103545","ballast-insulated-jacket-2-0","Ballast Insulated Jacket 2.0","everyday, medium, mens-jacket, zip","REPLACE","46040368972025","43944229404921","MERGE","8","20066-001-0014","189.99","","1","0",""
"7954082103545","ballast-insulated-jacket-2-0","Ballast Insulated Jacket 2.0","everyday, medium, mens-jacket, zip","REPLACE","46040369004793","43944229437689","MERGE","9","20066-001-0015","189.99","","0","0",""
"7954082103545","ballast-insulated-jacket-2-0","Ballast Insulated Jacket 2.0","everyday, medium, mens-jacket, zip","REPLACE","46040369037561","43944229470457","MERGE","10","20066-001-0016","189.99","","1","0",""
"7954082103545","ballast-insulated-jacket-2-0","Ballast Insulated Jacket 2.0","everyday, medium, mens-jacket, zip","REPLACE","46040369070329","43944229503225","MERGE","11","20066-001-0017","189.99","","1","0",""
"7954082103545","ballast-insulated-jacket-2-0","Ballast Insulated Jacket 2.0","everyday, medium, mens-jacket, zip","REPLACE","46040369103097","43944229535993","MERGE","12","20066-001-0018","189.99","","1","0",""
"7954190106873","ballast-pant","Ballast Pant","everyday, mens-pants","REPLACE","46040846369017","43944702738681","MERGE","1","40107-019-5030","89.99","109.99","0","0",""
"7954190106873","ballast-pant","Ballast Pant","everyday, mens-pants","REPLACE","46040846401785","43944702771449","MERGE","2","40107-019-5032","89.99","109.99","0","0",""
"7954190106873","ballast-pant","Ballast Pant","everyday, mens-pants","REPLACE","46040846434553","43944702804217","MERGE","3","40107-019-5034","89.99","109.99","0","0",""
"7954190106873","ballast-pant","Ballast Pant","everyday, mens-pants","REPLACE","46040846467321","43944702836985","MERGE","4","40107-019-5036","89.99","109.99","0","0",""
"7954190106873","ballast-pant","Ballast Pant","everyday, mens-pants","REPLACE","46040846500089","43944702869753","MERGE","5","40107-019-5038","89.99","109.99","0","0",""
"7954190106873","ballast-pant","Ballast Pant","everyday, mens-pants","REPLACE","46040846532857","43944702902521","MERGE","6","40107-019-5040","89.99","109.99","0","0",""
"7954190106873","ballast-pant","Ballast Pant","everyday, mens-pants","REPLACE","46040846565625","43944702935289","MERGE","7","40107-019-5042","89.99","109.99","0","0",""
"7954190106873","ballast-pant","Ballast Pant","everyday, mens-pants","REPLACE","46040846598393","43944702968057","MERGE","8","40107-211-5030","89.99","109.99","0","0",""
"7954190106873","ballast-pant","Ballast Pant","everyday, mens-pants","REPLACE","46040846631161","43944703000825","MERGE","9","40107-211-5032","89.99","109.99","0","0",""
"7954190106873","ballast-pant","Ballast Pant","everyday, mens-pants","REPLACE","46040846663929","43944703033593","MERGE","10","40107-211-5034","89.99","109.99","0","0",""
"7954190106873","ballast-pant","Ballast Pant","everyday, mens-pants","REPLACE","46040846696697","43944703066361","MERGE","11","40107-211-5036","89.99","109.99","0","0",""
"7954190106873","ballast-pant","Ballast Pant","everyday, mens-pants","REPLACE","46040846729465","43944703099129","MERGE","12","40107-211-5038","89.99","109.99","0","0",""
"7954190106873","ballast-pant","Ballast Pant","everyday, mens-pants","REPLACE","46040846762233","43944703131897","MERGE","13","40107-211-5040","89.99","109.99","0","0",""
"7954190106873","ballast-pant","Ballast Pant","everyday, mens-pants","REPLACE","46040846795001","43944703164665","MERGE","14","40107-211-5042","89.99","109.99","0","0",""
"8046066696441","fishpicking-1-2-zip-shirt","FishPicking 1/2 Zip Shirt","mens, mens-jackets","REPLACE","46333669769465","44236900368633","MERGE","1","10147-445-0013","109.99","109.99","24","0",""
"8046066696441","fishpicking-1-2-zip-shirt","FishPicking 1/2 Zip Shirt","mens, mens-jackets","REPLACE","46333669802233","44236900401401","MERGE","2","10147-445-0014","119.99","119.99","93","0",""
"8046066696441","fishpicking-1-2-zip-shirt","FishPicking 1/2 Zip Shirt","mens, mens-jackets","REPLACE","46333669835001","44236900434169","MERGE","3","10147-445-0015","119.99","119.99","111","0",""
"8046066696441","fishpicking-1-2-zip-shirt","FishPicking 1/2 Zip Shirt","mens, mens-jackets","REPLACE","46333669867769","44236900466937","MERGE","4","10147-445-0016","109.99","109.99","95","0",""
"8046066696441","fishpicking-1-2-zip-shirt","FishPicking 1/2 Zip Shirt","mens, mens-jackets","REPLACE","46333669900537","44236900499705","MERGE","5","10147-445-0017","119.99","119.99","91","0",""
"8046066696441","fishpicking-1-2-zip-shirt","FishPicking 1/2 Zip Shirt","mens, mens-jackets","REPLACE","46333669933305","44236900532473","MERGE","6","10147-445-0018","119.99","119.99","59","0",""
"8046066696441","fishpicking-1-2-zip-shirt","FishPicking 1/2 Zip Shirt","mens, mens-jackets","REPLACE","48271349088505","46186895769849","MERGE","7","10222-025-0013","89.99","119.99","0","0",""
"8046066696441","fishpicking-1-2-zip-shirt","FishPicking 1/2 Zip Shirt","mens, mens-jackets","REPLACE","48271349121273","46186895802617","MERGE","8","10222-025-0014","89.99","119.99","0","0",""
"8046066696441","fishpicking-1-2-zip-shirt","FishPicking 1/2 Zip Shirt","mens, mens-jackets","REPLACE","48271349154041","46186895835385","MERGE","9","10222-025-0015","89.99","119.99","0","0",""
"8046066696441","fishpicking-1-2-zip-shirt","FishPicking 1/2 Zip Shirt","mens, mens-jackets","REPLACE","48271349186809","46186895868153","MERGE","10","10222-025-0016","89.99","119.99","0","0",""
"8046066696441","fishpicking-1-2-zip-shirt","FishPicking 1/2 Zip Shirt","mens, mens-jackets","REPLACE","48271349219577","46186895900921","MERGE","11","10222-025-0017","89.99","119.99","0","0",""
"8046066696441","fishpicking-1-2-zip-shirt","FishPicking 1/2 Zip Shirt","mens, mens-jackets","REPLACE","48271349252345","46186895933689","MERGE","12","10222-025-0018","89.99","119.99","0","0",""
"8046066958585","commercial-boat-ls-t-shirt","Commercial Boat LS T-Shirt","mens, t-shirts","REPLACE","46333675405561","44236906004729","MERGE","1","50340-425-0013","34.99","34.99","1","0",""
"8046066958585","commercial-boat-ls-t-shirt","Commercial Boat LS T-Shirt","mens, t-shirts","REPLACE","46333675438329","44236906037497","MERGE","2","50340-425-0014","34.99","34.99","0","0",""
"8046066958585","commercial-boat-ls-t-shirt","Commercial Boat LS T-Shirt","mens, t-shirts","REPLACE","46333675471097","44236906070265","MERGE","3","50340-425-0015","34.99","34.99","0","0",""
"8046066958585","commercial-boat-ls-t-shirt","Commercial Boat LS T-Shirt","mens, t-shirts","REPLACE","46333675503865","44236906103033","MERGE","4","50340-425-0016","34.99","34.99","0","0",""
"8046066958585","commercial-boat-ls-t-shirt","Commercial Boat LS T-Shirt","mens, t-shirts","REPLACE","46333675536633","44236906135801","MERGE","5","50340-425-0017","34.99","34.99","1","0",""
"8046066958585","commercial-boat-ls-t-shirt","Commercial Boat LS T-Shirt","mens, t-shirts","REPLACE","46333675569401","44236906168569","MERGE","6","50340-425-0018","34.99","34.99","1","0",""
"8046067024121","commercial-boat-trucker","Commercial Boat Trucker","hats","REPLACE","46331574190329","44234804789497","MERGE","1","50342-410-0001","26.99","34.99","325","0",""
"8046067024121","commercial-boat-trucker","Commercial Boat Trucker","hats","REPLACE","46451195248889","44354400780537","MERGE","2","50342-001-0001","34.99","","3","0",""
"8046066991353","commercial-boat-ss-tech-tee","Commercial Boat SS Tech Tee","mens, t-shirts","REPLACE","46333675602169","44236906201337","MERGE","1","50341-477-0013","39.99","0.00","1","0",""
"8046066991353","commercial-boat-ss-tech-tee","Commercial Boat SS Tech Tee","mens, t-shirts","REPLACE","46333675634937","44236906234105","MERGE","2","50341-477-0014","39.99","0.00","0","0",""
"8046066991353","commercial-boat-ss-tech-tee","Commercial Boat SS Tech Tee","mens, t-shirts","REPLACE","46333675667705","44236906266873","MERGE","3","50341-477-0015","39.99","0.00","3","0",""
"8046066991353","commercial-boat-ss-tech-tee","Commercial Boat SS Tech Tee","mens, t-shirts","REPLACE","46333675700473","44236906299641","MERGE","4","50341-477-0016","39.99","0.00","2","0",""
"8046066991353","commercial-boat-ss-tech-tee","Commercial Boat SS Tech Tee","mens, t-shirts","REPLACE","46333675733241","44236906332409","MERGE","5","50341-477-0017","39.99","0.00","0","0",""
"8046066991353","commercial-boat-ss-tech-tee","Commercial Boat SS Tech Tee","mens, t-shirts","REPLACE","46333675766009","44236906365177","MERGE","6","50341-477-0018","39.99","0.00","1","0",""
"8046066729209","bass-popper-ls-tech-tee","Bass Popper LS Tech Tee","mens, t-shirts","REPLACE","48262949535993","46178467676409","MERGE","1","50333-355-0013","33.99","44.99","1","0",""
"8046066729209","bass-popper-ls-tech-tee","Bass Popper LS Tech Tee","mens, t-shirts","REPLACE","48262949568761","46178467709177","MERGE","2","50333-355-0014","33.99","44.99","0","0",""
"8046066729209","bass-popper-ls-tech-tee","Bass Popper LS Tech Tee","mens, t-shirts","REPLACE","48262949601529","46178467741945","MERGE","3","50333-355-0015","33.99","44.99","0","0",""
"8046066729209","bass-popper-ls-tech-tee","Bass Popper LS Tech Tee","mens, t-shirts","REPLACE","48262949634297","46178467774713","MERGE","4","50333-355-0016","33.99","44.99","0","0",""
"8046066729209","bass-popper-ls-tech-tee","Bass Popper LS Tech Tee","mens, t-shirts","REPLACE","48262949667065","46178467807481","MERGE","5","50333-355-0017","33.99","44.99","0","0",""
"8046066729209","bass-popper-ls-tech-tee","Bass Popper LS Tech Tee","mens, t-shirts","REPLACE","48262949699833","46178467840249","MERGE","6","50333-355-0018","33.99","44.99","3","0",""
"8046066729209","bass-popper-ls-tech-tee","Bass Popper LS Tech Tee","mens, t-shirts","REPLACE","46333669966073","44236900565241","MERGE","7","50333-001-0013","44.99","","0","0",""
"8046066729209","bass-popper-ls-tech-tee","Bass Popper LS Tech Tee","mens, t-shirts","REPLACE","46333669998841","44236900598009","MERGE","8","50333-001-0014","44.99","","0","0",""
"8046066729209","bass-popper-ls-tech-tee","Bass Popper LS Tech Tee","mens, t-shirts","REPLACE","46333670031609","44236900630777","MERGE","9","50333-001-0015","44.99","","0","0",""
"8046066729209","bass-popper-ls-tech-tee","Bass Popper LS Tech Tee","mens, t-shirts","REPLACE","46333670064377","44236900663545","MERGE","10","50333-001-0016","44.99","","0","0",""
"8046066729209","bass-popper-ls-tech-tee","Bass Popper LS Tech Tee","mens, t-shirts","REPLACE","46333670097145","44236900696313","MERGE","11","50333-001-0017","44.99","","0","0",""
"8046066729209","bass-popper-ls-tech-tee","Bass Popper LS Tech Tee","mens, t-shirts","REPLACE","46333670129913","44236900729081","MERGE","12","50333-001-0018","44.99","","1","0",""
"8901861605625","bear-essentials-trucker","Bear Essentials Trucker","Hold","REPLACE","48770700804345","46688157466873","MERGE","1","50510-001-0001","34.99","","5","0",""
"8901861638393","chrome-chaser-trucker","Chrome Chaser Trucker","Hold","REPLACE","48770700837113","46688157499641","MERGE","1","50512-071-0001","34.99","","9","0",""
"8901861671161","codfather-trucker","Codfather Trucker","Hold","REPLACE","48770700869881","46688157532409","MERGE","1","50514-200-0001","34.99","","9","0",""
"8715099930873","dark-seas-x-grundens-watchman-hoodie-copy","Zero Shucks Given Displacement DWR Hoodie","hoodie, mens, pull-over","REPLACE","48263282589945","46178797977849","MERGE","1","50506-017-0013","79.99","","1","0",""
"8715099930873","dark-seas-x-grundens-watchman-hoodie-copy","Zero Shucks Given Displacement DWR Hoodie","hoodie, mens, pull-over","REPLACE","48263282622713","46178798010617","MERGE","2","50506-017-0014","79.99","","1","0",""
"8715099930873","dark-seas-x-grundens-watchman-hoodie-copy","Zero Shucks Given Displacement DWR Hoodie","hoodie, mens, pull-over","REPLACE","48263282655481","46178798043385","MERGE","3","50506-017-0015","79.99","","0","0",""
"8715099930873","dark-seas-x-grundens-watchman-hoodie-copy","Zero Shucks Given Displacement DWR Hoodie","hoodie, mens, pull-over","REPLACE","48263282688249","46178798076153","MERGE","4","50506-017-0016","79.99","","2","0",""
"8715099930873","dark-seas-x-grundens-watchman-hoodie-copy","Zero Shucks Given Displacement DWR Hoodie","hoodie, mens, pull-over","REPLACE","48263282721017","46178798108921","MERGE","5","50506-017-0017","79.99","","0","0",""
"8715099930873","dark-seas-x-grundens-watchman-hoodie-copy","Zero Shucks Given Displacement DWR Hoodie","hoodie, mens, pull-over","REPLACE","48263282753785","46178798141689","MERGE","6","50506-017-0018","79.99","","0","0",""
"8901861769465","deadstick-trucker","DeadStick Trucker","Hold","REPLACE","48770701295865","46688157958393","MERGE","1","50517-001-0001","34.99","","0","0",""
"8901861900537","wordmark-waxed-trucker","Wordmark Waxed Trucker","Hold","REPLACE","48770702311673","46688158974201","MERGE","1","50522-200-0001","39.99","","0","0",""
"8901861966073","king-of-the-lakes-trucker","King of the Lakes Trucker","Hold","REPLACE","48770702541049","46688159203577","MERGE","1","50526-200-0001","34.99","","8","0",""
"8901861998841","poseidon-low-pro-trucker","Poseidon Low Pro Trucker","Hold","REPLACE","48770702573817","46688159236345","MERGE","1","50529-011-0001","34.99","","9","0",""
"8901862031609","logo-anchor-wool-trucker","Logo Anchor Wool Trucker","Hold","REPLACE","48770702606585","46688159269113","MERGE","1","50528-001-0001","34.99","","6","0",""
"8901862162681","sentinel-of-the-seas-trucker","Sentinel of the Seas Trucker","Hold","REPLACE","48770703229177","46688159891705","MERGE","1","50533-001-0001","34.99","","0","0",""
"8901862195449","skiffscript-vented-hat","Skiffscript Vented Hat","Hold","REPLACE","48770703261945","46688159924473","MERGE","1","50535-071-0001","39.99","","7","0",""
"8715096097017","displacement-dwr-logo-anchor-hoodie","Anchor Displacement DWR Hoodie","hoodie, mens, pull-over","REPLACE","48263274463481","46178789851385","MERGE","1","50506-243-0013","79.99","","1","0",""
"8715096097017","displacement-dwr-logo-anchor-hoodie","Anchor Displacement DWR Hoodie","hoodie, mens, pull-over","REPLACE","48263274496249","46178789884153","MERGE","2","50506-243-0014","79.99","","0","0",""
"8715096097017","displacement-dwr-logo-anchor-hoodie","Anchor Displacement DWR Hoodie","hoodie, mens, pull-over","REPLACE","48263274529017","46178789916921","MERGE","3","50506-243-0015","79.99","","0","0",""
"8715096097017","displacement-dwr-logo-anchor-hoodie","Anchor Displacement DWR Hoodie","hoodie, mens, pull-over","REPLACE","48263274561785","46178789949689","MERGE","4","50506-243-0016","79.99","","0","0",""
"8715096097017","displacement-dwr-logo-anchor-hoodie","Anchor Displacement DWR Hoodie","hoodie, mens, pull-over","REPLACE","48263274594553","46178789982457","MERGE","5","50506-243-0017","79.99","","1","0",""
"8715096097017","displacement-dwr-logo-anchor-hoodie","Anchor Displacement DWR Hoodie","hoodie, mens, pull-over","REPLACE","48263274627321","46178790015225","MERGE","6","50506-243-0018","79.99","","0","0",""
"8715096097017","displacement-dwr-logo-anchor-hoodie","Anchor Displacement DWR Hoodie","hoodie, mens, pull-over","REPLACE","48263274660089","46178790047993","MERGE","7","50506-496-0013","79.99","","1","0",""
"8715096097017","displacement-dwr-logo-anchor-hoodie","Anchor Displacement DWR Hoodie","hoodie, mens, pull-over","REPLACE","48263274692857","46178790080761","MERGE","8","50506-496-0014","79.99","","0","0",""
"8715096097017","displacement-dwr-logo-anchor-hoodie","Anchor Displacement DWR Hoodie","hoodie, mens, pull-over","REPLACE","48263274725625","46178790113529","MERGE","9","50506-496-0015","79.99","","1","0",""
"8715096097017","displacement-dwr-logo-anchor-hoodie","Anchor Displacement DWR Hoodie","hoodie, mens, pull-over","REPLACE","48263274758393","46178790146297","MERGE","10","50506-496-0016","79.99","","7","0",""
"8715096097017","displacement-dwr-logo-anchor-hoodie","Anchor Displacement DWR Hoodie","hoodie, mens, pull-over","REPLACE","48263274791161","46178790179065","MERGE","11","50506-496-0017","79.99","","4","0",""
"8715096097017","displacement-dwr-logo-anchor-hoodie","Anchor Displacement DWR Hoodie","hoodie, mens, pull-over","REPLACE","48263274823929","46178790211833","MERGE","12","50506-496-0018","79.99","0.00","0","0",""
"8901862260985","trapper-trucker","Trapper Trucker","Hold","REPLACE","48770703491321","46688160153849","MERGE","1","50536-410-0001","34.99","","10","0",""
"8901862392057","deadstick-rope-trucker","DeadStick Rope Trucker","Hold","REPLACE","48770704441593","46688161104121","MERGE","1","50542-353-0001","34.99","","4","0",""
"8944855777529","octo-trout-displacement-dwr-hoodie","Octo-Trout Displacement DWR Hoodie","hoodie, mens, pull-over","REPLACE","48919704207609","46836414447865","MERGE","1","50506-054-0013","79.99","","1","0",""
"8944855777529","octo-trout-displacement-dwr-hoodie","Octo-Trout Displacement DWR Hoodie","hoodie, mens, pull-over","REPLACE","48919704240377","46836414480633","MERGE","2","50506-054-0014","79.99","","1","0",""
"8944855777529","octo-trout-displacement-dwr-hoodie","Octo-Trout Displacement DWR Hoodie","hoodie, mens, pull-over","REPLACE","48919704273145","46836414513401","MERGE","3","50506-054-0015","79.99","","0","0",""
"8944855777529","octo-trout-displacement-dwr-hoodie","Octo-Trout Displacement DWR Hoodie","hoodie, mens, pull-over","REPLACE","48919704305913","46836414546169","MERGE","4","50506-054-0016","79.99","","0","0",""
"8944855777529","octo-trout-displacement-dwr-hoodie","Octo-Trout Displacement DWR Hoodie","hoodie, mens, pull-over","REPLACE","48919704338681","46836414578937","MERGE","5","50506-054-0017","79.99","","2","0",""
"8944855777529","octo-trout-displacement-dwr-hoodie","Octo-Trout Displacement DWR Hoodie","hoodie, mens, pull-over","REPLACE","48919704371449","46836414611705","MERGE","6","50506-054-0018","79.99","","1","0",""
"8944857219321","trapper-displacement-dwr-hoodie","Trapper Displacement DWR Hoodie","hoodie, mens, pull-over","REPLACE","48919708303609","46836418543865","MERGE","1","50506-312-0013","79.99","","39","0",""
"8944857219321","trapper-displacement-dwr-hoodie","Trapper Displacement DWR Hoodie","hoodie, mens, pull-over","REPLACE","48919708336377","46836418576633","MERGE","2","50506-312-0014","79.99","","70","0",""
"8944857219321","trapper-displacement-dwr-hoodie","Trapper Displacement DWR Hoodie","hoodie, mens, pull-over","REPLACE","48919708369145","46836418609401","MERGE","3","50506-312-0015","79.99","","74","0",""
"8944857219321","trapper-displacement-dwr-hoodie","Trapper Displacement DWR Hoodie","hoodie, mens, pull-over","REPLACE","48919708401913","46836418642169","MERGE","4","50506-312-0016","79.99","","75","0",""
"8944857219321","trapper-displacement-dwr-hoodie","Trapper Displacement DWR Hoodie","hoodie, mens, pull-over","REPLACE","48919708434681","46836418674937","MERGE","5","50506-312-0017","79.99","","48","0",""
"8944857219321","trapper-displacement-dwr-hoodie","Trapper Displacement DWR Hoodie","hoodie, mens, pull-over","REPLACE","48919708467449","46836418707705","MERGE","6","50506-312-0018","79.99","","20","0",""
